[2026/05/17 23:03:39.655, java.exe (PID: 35084, TID: 6744), JavaEnvironment.cpp:502 (JavaEnvironment::detect)]
	TRACE: Entering JavaEnvironment::detect
[2026/05/17 23:03:39.660, java.exe (PID: 35084, TID: 6744), JavaEnvironment.cpp:519 (JavaEnvironment::detect)]
	TRACE: Installed Java detected: version=1.8.0_461; arch=64; productCode={71124AE4-039E-4CA4-87B4-2F64180461F0}; type=0
[2026/05/17 23:03:39.674, java.exe (PID: 35084, TID: 6744), JavaEnvironment.cpp:519 (JavaEnvironment::detect)]
	TRACE: Installed Java detected: version=; arch=64; productCode={58B96B13-1F94-5431-BEB9-2952C3D7D747}; type=1
[2026/05/17 23:03:39.674, java.exe (PID: 35084, TID: 6744), JavaEnvironment.cpp:135 (`anonymous-namespace'::detectHomeDir)]
	TRACE: Find home dir of {58B96B13-1F94-5431-BEB9-2952C3D7D747} Java installation
[2026/05/17 23:03:39.674, java.exe (PID: 35084, TID: 6744), JavaEnvironment.cpp:302 (`anonymous-namespace'::detectFullVersion)]
	TRACE: Detect full version of {58B96B13-1F94-5431-BEB9-2952C3D7D747} Java installation
[2026/05/17 23:03:39.675, java.exe (PID: 35084, TID: 6744), JavaEnvironment.cpp:213 (`anonymous-namespace'::detectFullVersionFromMsi)]
	TRACE: detectFullVersionFromMsi({58B96B13-1F94-5431-BEB9-2952C3D7D747})
[2026/05/17 23:03:39.679, java.exe (PID: 35084, TID: 6744), JavaEnvironment.cpp:481 (`anonymous-namespace'::getInstalledJava)]
	TRACE: InstalledJava(21.0.8+12|21.0.8+12|JDK|64bit|C:\Program Files\Java\jdk-21|{58B96B13-1F94-5431-BEB9-2952C3D7D747}|-10|)
[2026/05/17 23:03:39.683, java.exe (PID: 35084, TID: 6744), JavaEnvironment.cpp:0 (JavaEnvironment::detect)]
	TRACE: Exiting JavaEnvironment::detect (entered at JavaEnvironment.cpp:502)
[2026/05/17 23:03:39.697, java.exe (PID: 35084, TID: 6744), Executor.cpp:706 (Executor2::startProcess)]
	TRACE: CreateProcess(C:\Program Files\Java\jdk-21\bin\java.exe, "C:\Program Files\Java\jdk-21\bin\java.exe" -jar tools\jenkins.war --httpPort=8081) succeeded; PID=32428
[2026/05/17 23:05:28.598, java.exe (PID: 36088, TID: 8444), JavaEnvironment.cpp:502 (JavaEnvironment::detect)]
	TRACE: Entering JavaEnvironment::detect
[2026/05/17 23:05:28.603, java.exe (PID: 36088, TID: 8444), JavaEnvironment.cpp:519 (JavaEnvironment::detect)]
	TRACE: Installed Java detected: version=1.8.0_461; arch=64; productCode={71124AE4-039E-4CA4-87B4-2F64180461F0}; type=0
[2026/05/17 23:05:28.615, java.exe (PID: 36088, TID: 8444), JavaEnvironment.cpp:519 (JavaEnvironment::detect)]
	TRACE: Installed Java detected: version=; arch=64; productCode={58B96B13-1F94-5431-BEB9-2952C3D7D747}; type=1
[2026/05/17 23:05:28.615, java.exe (PID: 36088, TID: 8444), JavaEnvironment.cpp:135 (`anonymous-namespace'::detectHomeDir)]
	TRACE: Find home dir of {58B96B13-1F94-5431-BEB9-2952C3D7D747} Java installation
[2026/05/17 23:05:28.616, java.exe (PID: 36088, TID: 8444), JavaEnvironment.cpp:302 (`anonymous-namespace'::detectFullVersion)]
	TRACE: Detect full version of {58B96B13-1F94-5431-BEB9-2952C3D7D747} Java installation
[2026/05/17 23:05:28.616, java.exe (PID: 36088, TID: 8444), JavaEnvironment.cpp:213 (`anonymous-namespace'::detectFullVersionFromMsi)]
	TRACE: detectFullVersionFromMsi({58B96B13-1F94-5431-BEB9-2952C3D7D747})
[2026/05/17 23:05:28.622, java.exe (PID: 36088, TID: 8444), JavaEnvironment.cpp:481 (`anonymous-namespace'::getInstalledJava)]
	TRACE: InstalledJava(21.0.8+12|21.0.8+12|JDK|64bit|C:\Program Files\Java\jdk-21|{58B96B13-1F94-5431-BEB9-2952C3D7D747}|-10|)
[2026/05/17 23:05:28.624, java.exe (PID: 36088, TID: 8444), JavaEnvironment.cpp:0 (JavaEnvironment::detect)]
	TRACE: Exiting JavaEnvironment::detect (entered at JavaEnvironment.cpp:502)
[2026/05/17 23:05:28.639, java.exe (PID: 36088, TID: 8444), Executor.cpp:706 (Executor2::startProcess)]
	TRACE: CreateProcess(C:\Program Files\Java\jdk-21\bin\java.exe, "C:\Program Files\Java\jdk-21\bin\java.exe" -Djavax .net.ssl.trustStoreType=WINDOWS-ROOT -jar "D:\VVSS lab 5\tools\jenkins.war" --httpPort=8081) succeeded; PID=31096
[2026/05/17 23:05:28.738, java.exe (PID: 36088, TID: 8444), Executor.cpp:667 (Executor2::execAndWait)]
	TRACE: Process with PID=31096 terminated. Exit code=1
[2026/05/17 23:05:38.203, java.exe (PID: 32796, TID: 30748), JavaEnvironment.cpp:502 (JavaEnvironment::detect)]
	TRACE: Entering JavaEnvironment::detect
[2026/05/17 23:05:38.207, java.exe (PID: 32796, TID: 30748), JavaEnvironment.cpp:519 (JavaEnvironment::detect)]
	TRACE: Installed Java detected: version=1.8.0_461; arch=64; productCode={71124AE4-039E-4CA4-87B4-2F64180461F0}; type=0
[2026/05/17 23:05:38.222, java.exe (PID: 32796, TID: 30748), JavaEnvironment.cpp:519 (JavaEnvironment::detect)]
	TRACE: Installed Java detected: version=; arch=64; productCode={58B96B13-1F94-5431-BEB9-2952C3D7D747}; type=1
[2026/05/17 23:05:38.222, java.exe (PID: 32796, TID: 30748), JavaEnvironment.cpp:135 (`anonymous-namespace'::detectHomeDir)]
	TRACE: Find home dir of {58B96B13-1F94-5431-BEB9-2952C3D7D747} Java installation
[2026/05/17 23:05:38.222, java.exe (PID: 32796, TID: 30748), JavaEnvironment.cpp:302 (`anonymous-namespace'::detectFullVersion)]
	TRACE: Detect full version of {58B96B13-1F94-5431-BEB9-2952C3D7D747} Java installation
[2026/05/17 23:05:38.223, java.exe (PID: 32796, TID: 30748), JavaEnvironment.cpp:213 (`anonymous-namespace'::detectFullVersionFromMsi)]
	TRACE: detectFullVersionFromMsi({58B96B13-1F94-5431-BEB9-2952C3D7D747})
[2026/05/17 23:05:38.228, java.exe (PID: 32796, TID: 30748), JavaEnvironment.cpp:481 (`anonymous-namespace'::getInstalledJava)]
	TRACE: InstalledJava(21.0.8+12|21.0.8+12|JDK|64bit|C:\Program Files\Java\jdk-21|{58B96B13-1F94-5431-BEB9-2952C3D7D747}|-10|)
[2026/05/17 23:05:38.231, java.exe (PID: 32796, TID: 30748), JavaEnvironment.cpp:0 (JavaEnvironment::detect)]
	TRACE: Exiting JavaEnvironment::detect (entered at JavaEnvironment.cpp:502)
[2026/05/17 23:05:38.246, java.exe (PID: 32796, TID: 30748), Executor.cpp:706 (Executor2::startProcess)]
	TRACE: CreateProcess(C:\Program Files\Java\jdk-21\bin\java.exe, "C:\Program Files\Java\jdk-21\bin\java.exe" -Djavax.net.ssl.trustStoreType=WINDOWS-ROOT -jar "D:\VVSS lab 5\tools\jenkins.war" --httpPort=8081) succeeded; PID=31932
[2026/05/19 12:25:20.719, java.exe (PID: 32604, TID: 29432), JavaEnvironment.cpp:502 (JavaEnvironment::detect)]
	TRACE: Entering JavaEnvironment::detect
[2026/05/19 12:25:20.724, java.exe (PID: 32604, TID: 29432), JavaEnvironment.cpp:519 (JavaEnvironment::detect)]
	TRACE: Installed Java detected: version=1.8.0_461; arch=64; productCode={71124AE4-039E-4CA4-87B4-2F64180461F0}; type=0
[2026/05/19 12:25:20.739, java.exe (PID: 32604, TID: 29432), JavaEnvironment.cpp:519 (JavaEnvironment::detect)]
	TRACE: Installed Java detected: version=; arch=64; productCode={58B96B13-1F94-5431-BEB9-2952C3D7D747}; type=1
[2026/05/19 12:25:20.739, java.exe (PID: 32604, TID: 29432), JavaEnvironment.cpp:135 (`anonymous-namespace'::detectHomeDir)]
	TRACE: Find home dir of {58B96B13-1F94-5431-BEB9-2952C3D7D747} Java installation
[2026/05/19 12:25:20.739, java.exe (PID: 32604, TID: 29432), JavaEnvironment.cpp:302 (`anonymous-namespace'::detectFullVersion)]
	TRACE: Detect full version of {58B96B13-1F94-5431-BEB9-2952C3D7D747} Java installation
[2026/05/19 12:25:20.740, java.exe (PID: 32604, TID: 29432), JavaEnvironment.cpp:213 (`anonymous-namespace'::detectFullVersionFromMsi)]
	TRACE: detectFullVersionFromMsi({58B96B13-1F94-5431-BEB9-2952C3D7D747})
[2026/05/19 12:25:20.743, java.exe (PID: 32604, TID: 29432), JavaEnvironment.cpp:481 (`anonymous-namespace'::getInstalledJava)]
	TRACE: InstalledJava(21.0.8+12|21.0.8+12|JDK|64bit|C:\Program Files\Java\jdk-21|{58B96B13-1F94-5431-BEB9-2952C3D7D747}|-10|)
[2026/05/19 12:25:20.746, java.exe (PID: 32604, TID: 29432), JavaEnvironment.cpp:0 (JavaEnvironment::detect)]
	TRACE: Exiting JavaEnvironment::detect (entered at JavaEnvironment.cpp:502)
[2026/05/19 12:25:20.762, java.exe (PID: 32604, TID: 29432), Executor.cpp:706 (Executor2::startProcess)]
	TRACE: CreateProcess(C:\Program Files\Java\jdk-21\bin\java.exe, "C:\Program Files\Java\jdk-21\bin\java.exe" -Djavax.net.ssl.trustStoreType=WINDOWS-ROOT -jar "D:\VVSS lab 5\tools\jenkins.war" --httpPort=8081) succeeded; PID=5224
[2026/05/19 12:27:31.819, java.exe (PID: 18292, TID: 33600), JavaEnvironment.cpp:502 (JavaEnvironment::detect)]
	TRACE: Entering JavaEnvironment::detect
[2026/05/19 12:27:31.825, java.exe (PID: 18292, TID: 33600), JavaEnvironment.cpp:519 (JavaEnvironment::detect)]
	TRACE: Installed Java detected: version=1.8.0_461; arch=64; productCode={71124AE4-039E-4CA4-87B4-2F64180461F0}; type=0
[2026/05/19 12:27:31.841, java.exe (PID: 18292, TID: 33600), JavaEnvironment.cpp:519 (JavaEnvironment::detect)]
	TRACE: Installed Java detected: version=; arch=64; productCode={58B96B13-1F94-5431-BEB9-2952C3D7D747}; type=1
[2026/05/19 12:27:31.841, java.exe (PID: 18292, TID: 33600), JavaEnvironment.cpp:135 (`anonymous-namespace'::detectHomeDir)]
	TRACE: Find home dir of {58B96B13-1F94-5431-BEB9-2952C3D7D747} Java installation
[2026/05/19 12:27:31.842, java.exe (PID: 18292, TID: 33600), JavaEnvironment.cpp:302 (`anonymous-namespace'::detectFullVersion)]
	TRACE: Detect full version of {58B96B13-1F94-5431-BEB9-2952C3D7D747} Java installation
[2026/05/19 12:27:31.842, java.exe (PID: 18292, TID: 33600), JavaEnvironment.cpp:213 (`anonymous-namespace'::detectFullVersionFromMsi)]
	TRACE: detectFullVersionFromMsi({58B96B13-1F94-5431-BEB9-2952C3D7D747})
[2026/05/19 12:27:31.847, java.exe (PID: 18292, TID: 33600), JavaEnvironment.cpp:481 (`anonymous-namespace'::getInstalledJava)]
	TRACE: InstalledJava(21.0.8+12|21.0.8+12|JDK|64bit|C:\Program Files\Java\jdk-21|{58B96B13-1F94-5431-BEB9-2952C3D7D747}|-10|)
[2026/05/19 12:27:31.850, java.exe (PID: 18292, TID: 33600), JavaEnvironment.cpp:0 (JavaEnvironment::detect)]
	TRACE: Exiting JavaEnvironment::detect (entered at JavaEnvironment.cpp:502)
[2026/05/19 12:27:31.867, java.exe (PID: 18292, TID: 33600), Executor.cpp:706 (Executor2::startProcess)]
	TRACE: CreateProcess(C:\Program Files\Java\jdk-21\bin\java.exe, "C:\Program Files\Java\jdk-21\bin\java.exe" -version) succeeded; PID=27784
[2026/05/19 12:27:31.960, java.exe (PID: 18292, TID: 33600), Executor.cpp:667 (Executor2::execAndWait)]
	TRACE: Process with PID=27784 terminated. Exit code=0
[2026/05/19 12:27:32.400, java.exe (PID: 33312, TID: 32796), JavaEnvironment.cpp:502 (JavaEnvironment::detect)]
	TRACE: Entering JavaEnvironment::detect
[2026/05/19 12:27:32.405, java.exe (PID: 33312, TID: 32796), JavaEnvironment.cpp:519 (JavaEnvironment::detect)]
	TRACE: Installed Java detected: version=1.8.0_461; arch=64; productCode={71124AE4-039E-4CA4-87B4-2F64180461F0}; type=0
[2026/05/19 12:27:32.421, java.exe (PID: 33312, TID: 32796), JavaEnvironment.cpp:519 (JavaEnvironment::detect)]
	TRACE: Installed Java detected: version=; arch=64; productCode={58B96B13-1F94-5431-BEB9-2952C3D7D747}; type=1
[2026/05/19 12:27:32.422, java.exe (PID: 33312, TID: 32796), JavaEnvironment.cpp:135 (`anonymous-namespace'::detectHomeDir)]
	TRACE: Find home dir of {58B96B13-1F94-5431-BEB9-2952C3D7D747} Java installation
[2026/05/19 12:27:32.422, java.exe (PID: 33312, TID: 32796), JavaEnvironment.cpp:302 (`anonymous-namespace'::detectFullVersion)]
	TRACE: Detect full version of {58B96B13-1F94-5431-BEB9-2952C3D7D747} Java installation
[2026/05/19 12:27:32.422, java.exe (PID: 33312, TID: 32796), JavaEnvironment.cpp:213 (`anonymous-namespace'::detectFullVersionFromMsi)]
	TRACE: detectFullVersionFromMsi({58B96B13-1F94-5431-BEB9-2952C3D7D747})
[2026/05/19 12:27:32.426, java.exe (PID: 33312, TID: 32796), JavaEnvironment.cpp:481 (`anonymous-namespace'::getInstalledJava)]
	TRACE: InstalledJava(21.0.8+12|21.0.8+12|JDK|64bit|C:\Program Files\Java\jdk-21|{58B96B13-1F94-5431-BEB9-2952C3D7D747}|-10|)
[2026/05/19 12:27:32.429, java.exe (PID: 33312, TID: 32796), JavaEnvironment.cpp:0 (JavaEnvironment::detect)]
	TRACE: Exiting JavaEnvironment::detect (entered at JavaEnvironment.cpp:502)
[2026/05/19 12:27:32.447, java.exe (PID: 33312, TID: 32796), Executor.cpp:706 (Executor2::startProcess)]
	TRACE: CreateProcess(C:\Program Files\Java\jdk-21\bin\java.exe, "C:\Program Files\Java\jdk-21\bin\java.exe" -Djavax.net.ssl.trustStoreType=WINDOWS-ROOT -classpath C:\tools\maven\boot\plexus-classworlds-2.7.0.jar -Dclassworlds.conf=C:\tools\maven\bin\m2.conf -Dmaven.home=C:\tools\maven -Dlibrary.jansi.path=C:\tools\maven\lib\jansi-native "-Dmaven.multiModuleProjectDirectory=D:\VVSS lab 5\.jenkins\workspace\vvsslab5" org.codehaus.plexus.classworlds.launcher.Launcher -version) succeeded; PID=32664
[2026/05/19 12:27:34.353, java.exe (PID: 33312, TID: 32796), Executor.cpp:667 (Executor2::execAndWait)]
	TRACE: Process with PID=32664 terminated. Exit code=0
[2026/05/19 12:27:34.845, java.exe (PID: 32964, TID: 3644), JavaEnvironment.cpp:502 (JavaEnvironment::detect)]
	TRACE: Entering JavaEnvironment::detect
[2026/05/19 12:27:34.851, java.exe (PID: 32964, TID: 3644), JavaEnvironment.cpp:519 (JavaEnvironment::detect)]
	TRACE: Installed Java detected: version=1.8.0_461; arch=64; productCode={71124AE4-039E-4CA4-87B4-2F64180461F0}; type=0
[2026/05/19 12:27:34.865, java.exe (PID: 32964, TID: 3644), JavaEnvironment.cpp:519 (JavaEnvironment::detect)]
	TRACE: Installed Java detected: version=; arch=64; productCode={58B96B13-1F94-5431-BEB9-2952C3D7D747}; type=1
[2026/05/19 12:27:34.865, java.exe (PID: 32964, TID: 3644), JavaEnvironment.cpp:135 (`anonymous-namespace'::detectHomeDir)]
	TRACE: Find home dir of {58B96B13-1F94-5431-BEB9-2952C3D7D747} Java installation
[2026/05/19 12:27:34.865, java.exe (PID: 32964, TID: 3644), JavaEnvironment.cpp:302 (`anonymous-namespace'::detectFullVersion)]
	TRACE: Detect full version of {58B96B13-1F94-5431-BEB9-2952C3D7D747} Java installation
[2026/05/19 12:27:34.866, java.exe (PID: 32964, TID: 3644), JavaEnvironment.cpp:213 (`anonymous-namespace'::detectFullVersionFromMsi)]
	TRACE: detectFullVersionFromMsi({58B96B13-1F94-5431-BEB9-2952C3D7D747})
[2026/05/19 12:27:34.871, java.exe (PID: 32964, TID: 3644), JavaEnvironment.cpp:481 (`anonymous-namespace'::getInstalledJava)]
	TRACE: InstalledJava(21.0.8+12|21.0.8+12|JDK|64bit|C:\Program Files\Java\jdk-21|{58B96B13-1F94-5431-BEB9-2952C3D7D747}|-10|)
[2026/05/19 12:27:34.874, java.exe (PID: 32964, TID: 3644), JavaEnvironment.cpp:0 (JavaEnvironment::detect)]
	TRACE: Exiting JavaEnvironment::detect (entered at JavaEnvironment.cpp:502)
[2026/05/19 12:27:34.892, java.exe (PID: 32964, TID: 3644), Executor.cpp:706 (Executor2::startProcess)]
	TRACE: CreateProcess(C:\Program Files\Java\jdk-21\bin\java.exe, "C:\Program Files\Java\jdk-21\bin\java.exe" -Djavax.net.ssl.trustStoreType=WINDOWS-ROOT -classpath C:\tools\maven\boot\plexus-classworlds-2.7.0.jar -Dclassworlds.conf=C:\tools\maven\bin\m2.conf -Dmaven.home=C:\tools\maven -Dlibrary.jansi.path=C:\tools\maven\lib\jansi-native "-Dmaven.multiModuleProjectDirectory=D:\VVSS lab 5\.jenkins\workspace\vvsslab5" org.codehaus.plexus.classworlds.launcher.Launcher -DskipTests package cargo:start) succeeded; PID=26472
[2026/05/19 12:27:36.711, java.exe (PID: 32964, TID: 3644), Executor.cpp:667 (Executor2::execAndWait)]
	TRACE: Process with PID=26472 terminated. Exit code=1
[2026/05/19 12:27:37.755, java.exe (PID: 18136, TID: 32560), JavaEnvironment.cpp:502 (JavaEnvironment::detect)]
	TRACE: Entering JavaEnvironment::detect
[2026/05/19 12:27:37.761, java.exe (PID: 18136, TID: 32560), JavaEnvironment.cpp:519 (JavaEnvironment::detect)]
	TRACE: Installed Java detected: version=1.8.0_461; arch=64; productCode={71124AE4-039E-4CA4-87B4-2F64180461F0}; type=0
[2026/05/19 12:27:37.774, java.exe (PID: 18136, TID: 32560), JavaEnvironment.cpp:519 (JavaEnvironment::detect)]
	TRACE: Installed Java detected: version=; arch=64; productCode={58B96B13-1F94-5431-BEB9-2952C3D7D747}; type=1
[2026/05/19 12:27:37.774, java.exe (PID: 18136, TID: 32560), JavaEnvironment.cpp:135 (`anonymous-namespace'::detectHomeDir)]
	TRACE: Find home dir of {58B96B13-1F94-5431-BEB9-2952C3D7D747} Java installation
[2026/05/19 12:27:37.775, java.exe (PID: 18136, TID: 32560), JavaEnvironment.cpp:302 (`anonymous-namespace'::detectFullVersion)]
	TRACE: Detect full version of {58B96B13-1F94-5431-BEB9-2952C3D7D747} Java installation
[2026/05/19 12:27:37.775, java.exe (PID: 18136, TID: 32560), JavaEnvironment.cpp:213 (`anonymous-namespace'::detectFullVersionFromMsi)]
	TRACE: detectFullVersionFromMsi({58B96B13-1F94-5431-BEB9-2952C3D7D747})
[2026/05/19 12:27:37.779, java.exe (PID: 18136, TID: 32560), JavaEnvironment.cpp:481 (`anonymous-namespace'::getInstalledJava)]
	TRACE: InstalledJava(21.0.8+12|21.0.8+12|JDK|64bit|C:\Program Files\Java\jdk-21|{58B96B13-1F94-5431-BEB9-2952C3D7D747}|-10|)
[2026/05/19 12:27:37.783, java.exe (PID: 18136, TID: 32560), JavaEnvironment.cpp:0 (JavaEnvironment::detect)]
	TRACE: Exiting JavaEnvironment::detect (entered at JavaEnvironment.cpp:502)
[2026/05/19 12:27:37.799, java.exe (PID: 18136, TID: 32560), Executor.cpp:706 (Executor2::startProcess)]
	TRACE: CreateProcess(C:\Program Files\Java\jdk-21\bin\java.exe, "C:\Program Files\Java\jdk-21\bin\java.exe" -Djavax.net.ssl.trustStoreType=WINDOWS-ROOT -classpath C:\tools\maven\boot\plexus-classworlds-2.7.0.jar -Dclassworlds.conf=C:\tools\maven\bin\m2.conf -Dmaven.home=C:\tools\maven -Dlibrary.jansi.path=C:\tools\maven\lib\jansi-native "-Dmaven.multiModuleProjectDirectory=D:\VVSS lab 5\.jenkins\workspace\vvsslab5" org.codehaus.plexus.classworlds.launcher.Launcher cargo:stop) succeeded; PID=16496
[2026/05/19 12:27:42.195, java.exe (PID: 18136, TID: 32560), Executor.cpp:667 (Executor2::execAndWait)]
	TRACE: Process with PID=16496 terminated. Exit code=1
[2026/05/19 12:29:35.403, java.exe (PID: 2904, TID: 31736), JavaEnvironment.cpp:502 (JavaEnvironment::detect)]
	TRACE: Entering JavaEnvironment::detect
[2026/05/19 12:29:35.408, java.exe (PID: 2904, TID: 31736), JavaEnvironment.cpp:519 (JavaEnvironment::detect)]
	TRACE: Installed Java detected: version=1.8.0_461; arch=64; productCode={71124AE4-039E-4CA4-87B4-2F64180461F0}; type=0
[2026/05/19 12:29:35.421, java.exe (PID: 2904, TID: 31736), JavaEnvironment.cpp:519 (JavaEnvironment::detect)]
	TRACE: Installed Java detected: version=; arch=64; productCode={58B96B13-1F94-5431-BEB9-2952C3D7D747}; type=1
[2026/05/19 12:29:35.421, java.exe (PID: 2904, TID: 31736), JavaEnvironment.cpp:135 (`anonymous-namespace'::detectHomeDir)]
	TRACE: Find home dir of {58B96B13-1F94-5431-BEB9-2952C3D7D747} Java installation
[2026/05/19 12:29:35.422, java.exe (PID: 2904, TID: 31736), JavaEnvironment.cpp:302 (`anonymous-namespace'::detectFullVersion)]
	TRACE: Detect full version of {58B96B13-1F94-5431-BEB9-2952C3D7D747} Java installation
[2026/05/19 12:29:35.422, java.exe (PID: 2904, TID: 31736), JavaEnvironment.cpp:213 (`anonymous-namespace'::detectFullVersionFromMsi)]
	TRACE: detectFullVersionFromMsi({58B96B13-1F94-5431-BEB9-2952C3D7D747})
[2026/05/19 12:29:35.426, java.exe (PID: 2904, TID: 31736), JavaEnvironment.cpp:481 (`anonymous-namespace'::getInstalledJava)]
	TRACE: InstalledJava(21.0.8+12|21.0.8+12|JDK|64bit|C:\Program Files\Java\jdk-21|{58B96B13-1F94-5431-BEB9-2952C3D7D747}|-10|)
[2026/05/19 12:29:35.429, java.exe (PID: 2904, TID: 31736), JavaEnvironment.cpp:0 (JavaEnvironment::detect)]
	TRACE: Exiting JavaEnvironment::detect (entered at JavaEnvironment.cpp:502)
[2026/05/19 12:29:35.443, java.exe (PID: 2904, TID: 31736), Executor.cpp:706 (Executor2::startProcess)]
	TRACE: CreateProcess(C:\Program Files\Java\jdk-21\bin\java.exe, "C:\Program Files\Java\jdk-21\bin\java.exe" -version) succeeded; PID=8140
[2026/05/19 12:29:35.520, java.exe (PID: 2904, TID: 31736), Executor.cpp:667 (Executor2::execAndWait)]
	TRACE: Process with PID=8140 terminated. Exit code=0
[2026/05/19 12:29:35.731, java.exe (PID: 33936, TID: 33932), JavaEnvironment.cpp:502 (JavaEnvironment::detect)]
	TRACE: Entering JavaEnvironment::detect
[2026/05/19 12:29:35.736, java.exe (PID: 33936, TID: 33932), JavaEnvironment.cpp:519 (JavaEnvironment::detect)]
	TRACE: Installed Java detected: version=1.8.0_461; arch=64; productCode={71124AE4-039E-4CA4-87B4-2F64180461F0}; type=0
[2026/05/19 12:29:35.748, java.exe (PID: 33936, TID: 33932), JavaEnvironment.cpp:519 (JavaEnvironment::detect)]
	TRACE: Installed Java detected: version=; arch=64; productCode={58B96B13-1F94-5431-BEB9-2952C3D7D747}; type=1
[2026/05/19 12:29:35.748, java.exe (PID: 33936, TID: 33932), JavaEnvironment.cpp:135 (`anonymous-namespace'::detectHomeDir)]
	TRACE: Find home dir of {58B96B13-1F94-5431-BEB9-2952C3D7D747} Java installation
[2026/05/19 12:29:35.748, java.exe (PID: 33936, TID: 33932), JavaEnvironment.cpp:302 (`anonymous-namespace'::detectFullVersion)]
	TRACE: Detect full version of {58B96B13-1F94-5431-BEB9-2952C3D7D747} Java installation
[2026/05/19 12:29:35.749, java.exe (PID: 33936, TID: 33932), JavaEnvironment.cpp:213 (`anonymous-namespace'::detectFullVersionFromMsi)]
	TRACE: detectFullVersionFromMsi({58B96B13-1F94-5431-BEB9-2952C3D7D747})
[2026/05/19 12:29:35.753, java.exe (PID: 33936, TID: 33932), JavaEnvironment.cpp:481 (`anonymous-namespace'::getInstalledJava)]
	TRACE: InstalledJava(21.0.8+12|21.0.8+12|JDK|64bit|C:\Program Files\Java\jdk-21|{58B96B13-1F94-5431-BEB9-2952C3D7D747}|-10|)
[2026/05/19 12:29:35.756, java.exe (PID: 33936, TID: 33932), JavaEnvironment.cpp:0 (JavaEnvironment::detect)]
	TRACE: Exiting JavaEnvironment::detect (entered at JavaEnvironment.cpp:502)
[2026/05/19 12:29:35.769, java.exe (PID: 33936, TID: 33932), Executor.cpp:706 (Executor2::startProcess)]
	TRACE: CreateProcess(C:\Program Files\Java\jdk-21\bin\java.exe, "C:\Program Files\Java\jdk-21\bin\java.exe" -Djavax.net.ssl.trustStoreType=WINDOWS-ROOT -classpath C:\tools\maven\boot\plexus-classworlds-2.7.0.jar -Dclassworlds.conf=C:\tools\maven\bin\m2.conf -Dmaven.home=C:\tools\maven -Dlibrary.jansi.path=C:\tools\maven\lib\jansi-native "-Dmaven.multiModuleProjectDirectory=D:\VVSS lab 5\.jenkins\workspace\vvsslab5" org.codehaus.plexus.classworlds.launcher.Launcher -version) succeeded; PID=13128
[2026/05/19 12:29:35.989, java.exe (PID: 33936, TID: 33932), Executor.cpp:667 (Executor2::execAndWait)]
	TRACE: Process with PID=13128 terminated. Exit code=0
[2026/05/19 12:29:36.488, java.exe (PID: 31500, TID: 33176), JavaEnvironment.cpp:502 (JavaEnvironment::detect)]
	TRACE: Entering JavaEnvironment::detect
[2026/05/19 12:29:36.493, java.exe (PID: 31500, TID: 33176), JavaEnvironment.cpp:519 (JavaEnvironment::detect)]
	TRACE: Installed Java detected: version=1.8.0_461; arch=64; productCode={71124AE4-039E-4CA4-87B4-2F64180461F0}; type=0
[2026/05/19 12:29:36.508, java.exe (PID: 31500, TID: 33176), JavaEnvironment.cpp:519 (JavaEnvironment::detect)]
	TRACE: Installed Java detected: version=; arch=64; productCode={58B96B13-1F94-5431-BEB9-2952C3D7D747}; type=1
[2026/05/19 12:29:36.508, java.exe (PID: 31500, TID: 33176), JavaEnvironment.cpp:135 (`anonymous-namespace'::detectHomeDir)]
	TRACE: Find home dir of {58B96B13-1F94-5431-BEB9-2952C3D7D747} Java installation
[2026/05/19 12:29:36.509, java.exe (PID: 31500, TID: 33176), JavaEnvironment.cpp:302 (`anonymous-namespace'::detectFullVersion)]
	TRACE: Detect full version of {58B96B13-1F94-5431-BEB9-2952C3D7D747} Java installation
[2026/05/19 12:29:36.509, java.exe (PID: 31500, TID: 33176), JavaEnvironment.cpp:213 (`anonymous-namespace'::detectFullVersionFromMsi)]
	TRACE: detectFullVersionFromMsi({58B96B13-1F94-5431-BEB9-2952C3D7D747})
[2026/05/19 12:29:36.513, java.exe (PID: 31500, TID: 33176), JavaEnvironment.cpp:481 (`anonymous-namespace'::getInstalledJava)]
	TRACE: InstalledJava(21.0.8+12|21.0.8+12|JDK|64bit|C:\Program Files\Java\jdk-21|{58B96B13-1F94-5431-BEB9-2952C3D7D747}|-10|)
[2026/05/19 12:29:36.517, java.exe (PID: 31500, TID: 33176), JavaEnvironment.cpp:0 (JavaEnvironment::detect)]
	TRACE: Exiting JavaEnvironment::detect (entered at JavaEnvironment.cpp:502)
[2026/05/19 12:29:36.531, java.exe (PID: 31500, TID: 33176), Executor.cpp:706 (Executor2::startProcess)]
	TRACE: CreateProcess(C:\Program Files\Java\jdk-21\bin\java.exe, "C:\Program Files\Java\jdk-21\bin\java.exe" -Djavax.net.ssl.trustStoreType=WINDOWS-ROOT -classpath C:\tools\maven\boot\plexus-classworlds-2.7.0.jar -Dclassworlds.conf=C:\tools\maven\bin\m2.conf -Dmaven.home=C:\tools\maven -Dlibrary.jansi.path=C:\tools\maven\lib\jansi-native "-Dmaven.multiModuleProjectDirectory=D:\VVSS lab 5\.jenkins\workspace\vvsslab5" org.codehaus.plexus.classworlds.launcher.Launcher -DskipTests package org.codehaus.cargo:cargo-maven3-plugin:1.10.27:start) succeeded; PID=6460
[2026/05/19 12:29:38.052, java.exe (PID: 31500, TID: 33176), Executor.cpp:667 (Executor2::execAndWait)]
	TRACE: Process with PID=6460 terminated. Exit code=1
[2026/05/19 12:29:38.778, java.exe (PID: 32940, TID: 4384), JavaEnvironment.cpp:502 (JavaEnvironment::detect)]
	TRACE: Entering JavaEnvironment::detect
[2026/05/19 12:29:38.784, java.exe (PID: 32940, TID: 4384), JavaEnvironment.cpp:519 (JavaEnvironment::detect)]
	TRACE: Installed Java detected: version=1.8.0_461; arch=64; productCode={71124AE4-039E-4CA4-87B4-2F64180461F0}; type=0
[2026/05/19 12:29:38.798, java.exe (PID: 32940, TID: 4384), JavaEnvironment.cpp:519 (JavaEnvironment::detect)]
	TRACE: Installed Java detected: version=; arch=64; productCode={58B96B13-1F94-5431-BEB9-2952C3D7D747}; type=1
[2026/05/19 12:29:38.798, java.exe (PID: 32940, TID: 4384), JavaEnvironment.cpp:135 (`anonymous-namespace'::detectHomeDir)]
	TRACE: Find home dir of {58B96B13-1F94-5431-BEB9-2952C3D7D747} Java installation
[2026/05/19 12:29:38.798, java.exe (PID: 32940, TID: 4384), JavaEnvironment.cpp:302 (`anonymous-namespace'::detectFullVersion)]
	TRACE: Detect full version of {58B96B13-1F94-5431-BEB9-2952C3D7D747} Java installation
[2026/05/19 12:29:38.798, java.exe (PID: 32940, TID: 4384), JavaEnvironment.cpp:213 (`anonymous-namespace'::detectFullVersionFromMsi)]
	TRACE: detectFullVersionFromMsi({58B96B13-1F94-5431-BEB9-2952C3D7D747})
[2026/05/19 12:29:38.803, java.exe (PID: 32940, TID: 4384), JavaEnvironment.cpp:481 (`anonymous-namespace'::getInstalledJava)]
	TRACE: InstalledJava(21.0.8+12|21.0.8+12|JDK|64bit|C:\Program Files\Java\jdk-21|{58B96B13-1F94-5431-BEB9-2952C3D7D747}|-10|)
[2026/05/19 12:29:38.807, java.exe (PID: 32940, TID: 4384), JavaEnvironment.cpp:0 (JavaEnvironment::detect)]
	TRACE: Exiting JavaEnvironment::detect (entered at JavaEnvironment.cpp:502)
[2026/05/19 12:29:38.823, java.exe (PID: 32940, TID: 4384), Executor.cpp:706 (Executor2::startProcess)]
	TRACE: CreateProcess(C:\Program Files\Java\jdk-21\bin\java.exe, "C:\Program Files\Java\jdk-21\bin\java.exe" -Djavax.net.ssl.trustStoreType=WINDOWS-ROOT -classpath C:\tools\maven\boot\plexus-classworlds-2.7.0.jar -Dclassworlds.conf=C:\tools\maven\bin\m2.conf -Dmaven.home=C:\tools\maven -Dlibrary.jansi.path=C:\tools\maven\lib\jansi-native "-Dmaven.multiModuleProjectDirectory=D:\VVSS lab 5\.jenkins\workspace\vvsslab5" org.codehaus.plexus.classworlds.launcher.Launcher org.codehaus.cargo:cargo-maven3-plugin:1.10.27:stop) succeeded; PID=2824
[2026/05/19 12:29:40.650, java.exe (PID: 32940, TID: 4384), Executor.cpp:667 (Executor2::execAndWait)]
	TRACE: Process with PID=2824 terminated. Exit code=1
[2026/05/19 12:31:20.257, java.exe (PID: 5792, TID: 5064), JavaEnvironment.cpp:502 (JavaEnvironment::detect)]
	TRACE: Entering JavaEnvironment::detect
[2026/05/19 12:31:20.263, java.exe (PID: 5792, TID: 5064), JavaEnvironment.cpp:519 (JavaEnvironment::detect)]
	TRACE: Installed Java detected: version=1.8.0_461; arch=64; productCode={71124AE4-039E-4CA4-87B4-2F64180461F0}; type=0
[2026/05/19 12:31:20.276, java.exe (PID: 5792, TID: 5064), JavaEnvironment.cpp:519 (JavaEnvironment::detect)]
	TRACE: Installed Java detected: version=; arch=64; productCode={58B96B13-1F94-5431-BEB9-2952C3D7D747}; type=1
[2026/05/19 12:31:20.277, java.exe (PID: 5792, TID: 5064), JavaEnvironment.cpp:135 (`anonymous-namespace'::detectHomeDir)]
	TRACE: Find home dir of {58B96B13-1F94-5431-BEB9-2952C3D7D747} Java installation
[2026/05/19 12:31:20.277, java.exe (PID: 5792, TID: 5064), JavaEnvironment.cpp:302 (`anonymous-namespace'::detectFullVersion)]
	TRACE: Detect full version of {58B96B13-1F94-5431-BEB9-2952C3D7D747} Java installation
[2026/05/19 12:31:20.277, java.exe (PID: 5792, TID: 5064), JavaEnvironment.cpp:213 (`anonymous-namespace'::detectFullVersionFromMsi)]
	TRACE: detectFullVersionFromMsi({58B96B13-1F94-5431-BEB9-2952C3D7D747})
[2026/05/19 12:31:20.282, java.exe (PID: 5792, TID: 5064), JavaEnvironment.cpp:481 (`anonymous-namespace'::getInstalledJava)]
	TRACE: InstalledJava(21.0.8+12|21.0.8+12|JDK|64bit|C:\Program Files\Java\jdk-21|{58B96B13-1F94-5431-BEB9-2952C3D7D747}|-10|)
[2026/05/19 12:31:20.285, java.exe (PID: 5792, TID: 5064), JavaEnvironment.cpp:0 (JavaEnvironment::detect)]
	TRACE: Exiting JavaEnvironment::detect (entered at JavaEnvironment.cpp:502)
[2026/05/19 12:31:20.297, java.exe (PID: 5792, TID: 5064), Executor.cpp:706 (Executor2::startProcess)]
	TRACE: CreateProcess(C:\Program Files\Java\jdk-21\bin\java.exe, "C:\Program Files\Java\jdk-21\bin\java.exe" -version) succeeded; PID=30324
[2026/05/19 12:31:20.367, java.exe (PID: 5792, TID: 5064), Executor.cpp:667 (Executor2::execAndWait)]
	TRACE: Process with PID=30324 terminated. Exit code=0
[2026/05/19 12:31:20.587, java.exe (PID: 15904, TID: 3064), JavaEnvironment.cpp:502 (JavaEnvironment::detect)]
	TRACE: Entering JavaEnvironment::detect
[2026/05/19 12:31:20.593, java.exe (PID: 15904, TID: 3064), JavaEnvironment.cpp:519 (JavaEnvironment::detect)]
	TRACE: Installed Java detected: version=1.8.0_461; arch=64; productCode={71124AE4-039E-4CA4-87B4-2F64180461F0}; type=0
[2026/05/19 12:31:20.604, java.exe (PID: 15904, TID: 3064), JavaEnvironment.cpp:519 (JavaEnvironment::detect)]
	TRACE: Installed Java detected: version=; arch=64; productCode={58B96B13-1F94-5431-BEB9-2952C3D7D747}; type=1
[2026/05/19 12:31:20.604, java.exe (PID: 15904, TID: 3064), JavaEnvironment.cpp:135 (`anonymous-namespace'::detectHomeDir)]
	TRACE: Find home dir of {58B96B13-1F94-5431-BEB9-2952C3D7D747} Java installation
[2026/05/19 12:31:20.604, java.exe (PID: 15904, TID: 3064), JavaEnvironment.cpp:302 (`anonymous-namespace'::detectFullVersion)]
	TRACE: Detect full version of {58B96B13-1F94-5431-BEB9-2952C3D7D747} Java installation
[2026/05/19 12:31:20.605, java.exe (PID: 15904, TID: 3064), JavaEnvironment.cpp:213 (`anonymous-namespace'::detectFullVersionFromMsi)]
	TRACE: detectFullVersionFromMsi({58B96B13-1F94-5431-BEB9-2952C3D7D747})
[2026/05/19 12:31:20.609, java.exe (PID: 15904, TID: 3064), JavaEnvironment.cpp:481 (`anonymous-namespace'::getInstalledJava)]
	TRACE: InstalledJava(21.0.8+12|21.0.8+12|JDK|64bit|C:\Program Files\Java\jdk-21|{58B96B13-1F94-5431-BEB9-2952C3D7D747}|-10|)
[2026/05/19 12:31:20.612, java.exe (PID: 15904, TID: 3064), JavaEnvironment.cpp:0 (JavaEnvironment::detect)]
	TRACE: Exiting JavaEnvironment::detect (entered at JavaEnvironment.cpp:502)
[2026/05/19 12:31:20.624, java.exe (PID: 15904, TID: 3064), Executor.cpp:706 (Executor2::startProcess)]
	TRACE: CreateProcess(C:\Program Files\Java\jdk-21\bin\java.exe, "C:\Program Files\Java\jdk-21\bin\java.exe" -Djavax.net.ssl.trustStoreType=WINDOWS-ROOT -classpath C:\tools\maven\boot\plexus-classworlds-2.7.0.jar -Dclassworlds.conf=C:\tools\maven\bin\m2.conf -Dmaven.home=C:\tools\maven -Dlibrary.jansi.path=C:\tools\maven\lib\jansi-native "-Dmaven.multiModuleProjectDirectory=D:\VVSS lab 5\.jenkins\workspace\vvsslab5\parabank" org.codehaus.plexus.classworlds.launcher.Launcher -version) succeeded; PID=34092
[2026/05/19 12:31:20.853, java.exe (PID: 15904, TID: 3064), Executor.cpp:667 (Executor2::execAndWait)]
	TRACE: Process with PID=34092 terminated. Exit code=0
[2026/05/19 12:31:21.408, java.exe (PID: 32964, TID: 31740), JavaEnvironment.cpp:502 (JavaEnvironment::detect)]
	TRACE: Entering JavaEnvironment::detect
[2026/05/19 12:31:21.413, java.exe (PID: 32964, TID: 31740), JavaEnvironment.cpp:519 (JavaEnvironment::detect)]
	TRACE: Installed Java detected: version=1.8.0_461; arch=64; productCode={71124AE4-039E-4CA4-87B4-2F64180461F0}; type=0
[2026/05/19 12:31:21.426, java.exe (PID: 32964, TID: 31740), JavaEnvironment.cpp:519 (JavaEnvironment::detect)]
	TRACE: Installed Java detected: version=; arch=64; productCode={58B96B13-1F94-5431-BEB9-2952C3D7D747}; type=1
[2026/05/19 12:31:21.426, java.exe (PID: 32964, TID: 31740), JavaEnvironment.cpp:135 (`anonymous-namespace'::detectHomeDir)]
	TRACE: Find home dir of {58B96B13-1F94-5431-BEB9-2952C3D7D747} Java installation
[2026/05/19 12:31:21.427, java.exe (PID: 32964, TID: 31740), JavaEnvironment.cpp:302 (`anonymous-namespace'::detectFullVersion)]
	TRACE: Detect full version of {58B96B13-1F94-5431-BEB9-2952C3D7D747} Java installation
[2026/05/19 12:31:21.427, java.exe (PID: 32964, TID: 31740), JavaEnvironment.cpp:213 (`anonymous-namespace'::detectFullVersionFromMsi)]
	TRACE: detectFullVersionFromMsi({58B96B13-1F94-5431-BEB9-2952C3D7D747})
[2026/05/19 12:31:21.431, java.exe (PID: 32964, TID: 31740), JavaEnvironment.cpp:481 (`anonymous-namespace'::getInstalledJava)]
	TRACE: InstalledJava(21.0.8+12|21.0.8+12|JDK|64bit|C:\Program Files\Java\jdk-21|{58B96B13-1F94-5431-BEB9-2952C3D7D747}|-10|)
[2026/05/19 12:31:21.434, java.exe (PID: 32964, TID: 31740), JavaEnvironment.cpp:0 (JavaEnvironment::detect)]
	TRACE: Exiting JavaEnvironment::detect (entered at JavaEnvironment.cpp:502)
[2026/05/19 12:31:21.448, java.exe (PID: 32964, TID: 31740), Executor.cpp:706 (Executor2::startProcess)]
	TRACE: CreateProcess(C:\Program Files\Java\jdk-21\bin\java.exe, "C:\Program Files\Java\jdk-21\bin\java.exe" -Djavax.net.ssl.trustStoreType=WINDOWS-ROOT -classpath C:\tools\maven\boot\plexus-classworlds-2.7.0.jar -Dclassworlds.conf=C:\tools\maven\bin\m2.conf -Dmaven.home=C:\tools\maven -Dlibrary.jansi.path=C:\tools\maven\lib\jansi-native "-Dmaven.multiModuleProjectDirectory=D:\VVSS lab 5\.jenkins\workspace\vvsslab5\parabank" org.codehaus.plexus.classworlds.launcher.Launcher -DskipTests package org.codehaus.cargo:cargo-maven3-plugin:1.10.27:start) succeeded; PID=34600
[2026/05/19 12:31:23.029, java.exe (PID: 32964, TID: 31740), Executor.cpp:667 (Executor2::execAndWait)]
	TRACE: Process with PID=34600 terminated. Exit code=1
[2026/05/19 12:31:23.766, java.exe (PID: 33360, TID: 33692), JavaEnvironment.cpp:502 (JavaEnvironment::detect)]
	TRACE: Entering JavaEnvironment::detect
[2026/05/19 12:31:23.771, java.exe (PID: 33360, TID: 33692), JavaEnvironment.cpp:519 (JavaEnvironment::detect)]
	TRACE: Installed Java detected: version=1.8.0_461; arch=64; productCode={71124AE4-039E-4CA4-87B4-2F64180461F0}; type=0
[2026/05/19 12:31:23.783, java.exe (PID: 33360, TID: 33692), JavaEnvironment.cpp:519 (JavaEnvironment::detect)]
	TRACE: Installed Java detected: version=; arch=64; productCode={58B96B13-1F94-5431-BEB9-2952C3D7D747}; type=1
[2026/05/19 12:31:23.784, java.exe (PID: 33360, TID: 33692), JavaEnvironment.cpp:135 (`anonymous-namespace'::detectHomeDir)]
	TRACE: Find home dir of {58B96B13-1F94-5431-BEB9-2952C3D7D747} Java installation
[2026/05/19 12:31:23.784, java.exe (PID: 33360, TID: 33692), JavaEnvironment.cpp:302 (`anonymous-namespace'::detectFullVersion)]
	TRACE: Detect full version of {58B96B13-1F94-5431-BEB9-2952C3D7D747} Java installation
[2026/05/19 12:31:23.784, java.exe (PID: 33360, TID: 33692), JavaEnvironment.cpp:213 (`anonymous-namespace'::detectFullVersionFromMsi)]
	TRACE: detectFullVersionFromMsi({58B96B13-1F94-5431-BEB9-2952C3D7D747})
[2026/05/19 12:31:23.789, java.exe (PID: 33360, TID: 33692), JavaEnvironment.cpp:481 (`anonymous-namespace'::getInstalledJava)]
	TRACE: InstalledJava(21.0.8+12|21.0.8+12|JDK|64bit|C:\Program Files\Java\jdk-21|{58B96B13-1F94-5431-BEB9-2952C3D7D747}|-10|)
[2026/05/19 12:31:23.792, java.exe (PID: 33360, TID: 33692), JavaEnvironment.cpp:0 (JavaEnvironment::detect)]
	TRACE: Exiting JavaEnvironment::detect (entered at JavaEnvironment.cpp:502)
[2026/05/19 12:31:23.808, java.exe (PID: 33360, TID: 33692), Executor.cpp:706 (Executor2::startProcess)]
	TRACE: CreateProcess(C:\Program Files\Java\jdk-21\bin\java.exe, "C:\Program Files\Java\jdk-21\bin\java.exe" -Djavax.net.ssl.trustStoreType=WINDOWS-ROOT -classpath C:\tools\maven\boot\plexus-classworlds-2.7.0.jar -Dclassworlds.conf=C:\tools\maven\bin\m2.conf -Dmaven.home=C:\tools\maven -Dlibrary.jansi.path=C:\tools\maven\lib\jansi-native "-Dmaven.multiModuleProjectDirectory=D:\VVSS lab 5\.jenkins\workspace\vvsslab5\parabank" org.codehaus.plexus.classworlds.launcher.Launcher org.codehaus.cargo:cargo-maven3-plugin:1.10.27:stop) succeeded; PID=34768
[2026/05/19 12:31:25.613, java.exe (PID: 33360, TID: 33692), Executor.cpp:667 (Executor2::execAndWait)]
	TRACE: Process with PID=34768 terminated. Exit code=1
[2026/05/19 12:34:25.785, java.exe (PID: 31804, TID: 18108), JavaEnvironment.cpp:502 (JavaEnvironment::detect)]
	TRACE: Entering JavaEnvironment::detect
[2026/05/19 12:34:25.791, java.exe (PID: 31804, TID: 18108), JavaEnvironment.cpp:519 (JavaEnvironment::detect)]
	TRACE: Installed Java detected: version=1.8.0_461; arch=64; productCode={71124AE4-039E-4CA4-87B4-2F64180461F0}; type=0
[2026/05/19 12:34:25.805, java.exe (PID: 31804, TID: 18108), JavaEnvironment.cpp:519 (JavaEnvironment::detect)]
	TRACE: Installed Java detected: version=; arch=64; productCode={58B96B13-1F94-5431-BEB9-2952C3D7D747}; type=1
[2026/05/19 12:34:25.806, java.exe (PID: 31804, TID: 18108), JavaEnvironment.cpp:135 (`anonymous-namespace'::detectHomeDir)]
	TRACE: Find home dir of {58B96B13-1F94-5431-BEB9-2952C3D7D747} Java installation
[2026/05/19 12:34:25.806, java.exe (PID: 31804, TID: 18108), JavaEnvironment.cpp:302 (`anonymous-namespace'::detectFullVersion)]
	TRACE: Detect full version of {58B96B13-1F94-5431-BEB9-2952C3D7D747} Java installation
[2026/05/19 12:34:25.806, java.exe (PID: 31804, TID: 18108), JavaEnvironment.cpp:213 (`anonymous-namespace'::detectFullVersionFromMsi)]
	TRACE: detectFullVersionFromMsi({58B96B13-1F94-5431-BEB9-2952C3D7D747})
[2026/05/19 12:34:25.811, java.exe (PID: 31804, TID: 18108), JavaEnvironment.cpp:481 (`anonymous-namespace'::getInstalledJava)]
	TRACE: InstalledJava(21.0.8+12|21.0.8+12|JDK|64bit|C:\Program Files\Java\jdk-21|{58B96B13-1F94-5431-BEB9-2952C3D7D747}|-10|)
[2026/05/19 12:34:25.814, java.exe (PID: 31804, TID: 18108), JavaEnvironment.cpp:0 (JavaEnvironment::detect)]
	TRACE: Exiting JavaEnvironment::detect (entered at JavaEnvironment.cpp:502)
[2026/05/19 12:34:25.831, java.exe (PID: 31804, TID: 18108), Executor.cpp:706 (Executor2::startProcess)]
	TRACE: CreateProcess(C:\Program Files\Java\jdk-21\bin\java.exe, "C:\Program Files\Java\jdk-21\bin\java.exe" -version) succeeded; PID=11784
[2026/05/19 12:34:25.918, java.exe (PID: 31804, TID: 18108), Executor.cpp:667 (Executor2::execAndWait)]
	TRACE: Process with PID=11784 terminated. Exit code=0
[2026/05/19 12:34:26.316, java.exe (PID: 26476, TID: 29896), JavaEnvironment.cpp:502 (JavaEnvironment::detect)]
	TRACE: Entering JavaEnvironment::detect
[2026/05/19 12:34:26.320, java.exe (PID: 26476, TID: 29896), JavaEnvironment.cpp:519 (JavaEnvironment::detect)]
	TRACE: Installed Java detected: version=1.8.0_461; arch=64; productCode={71124AE4-039E-4CA4-87B4-2F64180461F0}; type=0
[2026/05/19 12:34:26.334, java.exe (PID: 26476, TID: 29896), JavaEnvironment.cpp:519 (JavaEnvironment::detect)]
	TRACE: Installed Java detected: version=; arch=64; productCode={58B96B13-1F94-5431-BEB9-2952C3D7D747}; type=1
[2026/05/19 12:34:26.335, java.exe (PID: 26476, TID: 29896), JavaEnvironment.cpp:135 (`anonymous-namespace'::detectHomeDir)]
	TRACE: Find home dir of {58B96B13-1F94-5431-BEB9-2952C3D7D747} Java installation
[2026/05/19 12:34:26.335, java.exe (PID: 26476, TID: 29896), JavaEnvironment.cpp:302 (`anonymous-namespace'::detectFullVersion)]
	TRACE: Detect full version of {58B96B13-1F94-5431-BEB9-2952C3D7D747} Java installation
[2026/05/19 12:34:26.335, java.exe (PID: 26476, TID: 29896), JavaEnvironment.cpp:213 (`anonymous-namespace'::detectFullVersionFromMsi)]
	TRACE: detectFullVersionFromMsi({58B96B13-1F94-5431-BEB9-2952C3D7D747})
[2026/05/19 12:34:26.341, java.exe (PID: 26476, TID: 29896), JavaEnvironment.cpp:481 (`anonymous-namespace'::getInstalledJava)]
	TRACE: InstalledJava(21.0.8+12|21.0.8+12|JDK|64bit|C:\Program Files\Java\jdk-21|{58B96B13-1F94-5431-BEB9-2952C3D7D747}|-10|)
[2026/05/19 12:34:26.343, java.exe (PID: 26476, TID: 29896), JavaEnvironment.cpp:0 (JavaEnvironment::detect)]
	TRACE: Exiting JavaEnvironment::detect (entered at JavaEnvironment.cpp:502)
[2026/05/19 12:34:26.360, java.exe (PID: 26476, TID: 29896), Executor.cpp:706 (Executor2::startProcess)]
	TRACE: CreateProcess(C:\Program Files\Java\jdk-21\bin\java.exe, "C:\Program Files\Java\jdk-21\bin\java.exe" -Djavax.net.ssl.trustStoreType=WINDOWS-ROOT -classpath C:\tools\maven\boot\plexus-classworlds-2.7.0.jar -Dclassworlds.conf=C:\tools\maven\bin\m2.conf -Dmaven.home=C:\tools\maven -Dlibrary.jansi.path=C:\tools\maven\lib\jansi-native "-Dmaven.multiModuleProjectDirectory=D:\VVSS lab 5\parabank" org.codehaus.plexus.classworlds.launcher.Launcher -version) succeeded; PID=4076
[2026/05/19 12:34:26.619, java.exe (PID: 26476, TID: 29896), Executor.cpp:667 (Executor2::execAndWait)]
	TRACE: Process with PID=4076 terminated. Exit code=0
[2026/05/19 12:34:27.137, java.exe (PID: 28140, TID: 24272), JavaEnvironment.cpp:502 (JavaEnvironment::detect)]
	TRACE: Entering JavaEnvironment::detect
[2026/05/19 12:34:27.142, java.exe (PID: 28140, TID: 24272), JavaEnvironment.cpp:519 (JavaEnvironment::detect)]
	TRACE: Installed Java detected: version=1.8.0_461; arch=64; productCode={71124AE4-039E-4CA4-87B4-2F64180461F0}; type=0
[2026/05/19 12:34:27.154, java.exe (PID: 28140, TID: 24272), JavaEnvironment.cpp:519 (JavaEnvironment::detect)]
	TRACE: Installed Java detected: version=; arch=64; productCode={58B96B13-1F94-5431-BEB9-2952C3D7D747}; type=1
[2026/05/19 12:34:27.154, java.exe (PID: 28140, TID: 24272), JavaEnvironment.cpp:135 (`anonymous-namespace'::detectHomeDir)]
	TRACE: Find home dir of {58B96B13-1F94-5431-BEB9-2952C3D7D747} Java installation
[2026/05/19 12:34:27.154, java.exe (PID: 28140, TID: 24272), JavaEnvironment.cpp:302 (`anonymous-namespace'::detectFullVersion)]
	TRACE: Detect full version of {58B96B13-1F94-5431-BEB9-2952C3D7D747} Java installation
[2026/05/19 12:34:27.154, java.exe (PID: 28140, TID: 24272), JavaEnvironment.cpp:213 (`anonymous-namespace'::detectFullVersionFromMsi)]
	TRACE: detectFullVersionFromMsi({58B96B13-1F94-5431-BEB9-2952C3D7D747})
[2026/05/19 12:34:27.158, java.exe (PID: 28140, TID: 24272), JavaEnvironment.cpp:481 (`anonymous-namespace'::getInstalledJava)]
	TRACE: InstalledJava(21.0.8+12|21.0.8+12|JDK|64bit|C:\Program Files\Java\jdk-21|{58B96B13-1F94-5431-BEB9-2952C3D7D747}|-10|)
[2026/05/19 12:34:27.161, java.exe (PID: 28140, TID: 24272), JavaEnvironment.cpp:0 (JavaEnvironment::detect)]
	TRACE: Exiting JavaEnvironment::detect (entered at JavaEnvironment.cpp:502)
[2026/05/19 12:34:27.174, java.exe (PID: 28140, TID: 24272), Executor.cpp:706 (Executor2::startProcess)]
	TRACE: CreateProcess(C:\Program Files\Java\jdk-21\bin\java.exe, "C:\Program Files\Java\jdk-21\bin\java.exe" -Djavax.net.ssl.trustStoreType=WINDOWS-ROOT -classpath C:\tools\maven\boot\plexus-classworlds-2.7.0.jar -Dclassworlds.conf=C:\tools\maven\bin\m2.conf -Dmaven.home=C:\tools\maven -Dlibrary.jansi.path=C:\tools\maven\lib\jansi-native "-Dmaven.multiModuleProjectDirectory=D:\VVSS lab 5\parabank" org.codehaus.plexus.classworlds.launcher.Launcher -DskipTests package org.codehaus.cargo:cargo-maven3-plugin:1.10.27:start) succeeded; PID=30756
[2026/05/19 12:35:34.068, java.exe (PID: 28140, TID: 24272), Executor.cpp:667 (Executor2::execAndWait)]
	TRACE: Process with PID=30756 terminated. Exit code=0
[2026/05/19 12:35:34.740, java.exe (PID: 34616, TID: 10152), JavaEnvironment.cpp:502 (JavaEnvironment::detect)]
	TRACE: Entering JavaEnvironment::detect
[2026/05/19 12:35:34.745, java.exe (PID: 34616, TID: 10152), JavaEnvironment.cpp:519 (JavaEnvironment::detect)]
	TRACE: Installed Java detected: version=1.8.0_461; arch=64; productCode={71124AE4-039E-4CA4-87B4-2F64180461F0}; type=0
[2026/05/19 12:35:34.760, java.exe (PID: 34616, TID: 10152), JavaEnvironment.cpp:519 (JavaEnvironment::detect)]
	TRACE: Installed Java detected: version=; arch=64; productCode={58B96B13-1F94-5431-BEB9-2952C3D7D747}; type=1
[2026/05/19 12:35:34.761, java.exe (PID: 34616, TID: 10152), JavaEnvironment.cpp:135 (`anonymous-namespace'::detectHomeDir)]
	TRACE: Find home dir of {58B96B13-1F94-5431-BEB9-2952C3D7D747} Java installation
[2026/05/19 12:35:34.761, java.exe (PID: 34616, TID: 10152), JavaEnvironment.cpp:302 (`anonymous-namespace'::detectFullVersion)]
	TRACE: Detect full version of {58B96B13-1F94-5431-BEB9-2952C3D7D747} Java installation
[2026/05/19 12:35:34.761, java.exe (PID: 34616, TID: 10152), JavaEnvironment.cpp:213 (`anonymous-namespace'::detectFullVersionFromMsi)]
	TRACE: detectFullVersionFromMsi({58B96B13-1F94-5431-BEB9-2952C3D7D747})
[2026/05/19 12:35:34.766, java.exe (PID: 34616, TID: 10152), JavaEnvironment.cpp:481 (`anonymous-namespace'::getInstalledJava)]
	TRACE: InstalledJava(21.0.8+12|21.0.8+12|JDK|64bit|C:\Program Files\Java\jdk-21|{58B96B13-1F94-5431-BEB9-2952C3D7D747}|-10|)
[2026/05/19 12:35:34.769, java.exe (PID: 34616, TID: 10152), JavaEnvironment.cpp:0 (JavaEnvironment::detect)]
	TRACE: Exiting JavaEnvironment::detect (entered at JavaEnvironment.cpp:502)
[2026/05/19 12:35:34.788, java.exe (PID: 34616, TID: 10152), Executor.cpp:706 (Executor2::startProcess)]
	TRACE: CreateProcess(C:\Program Files\Java\jdk-21\bin\java.exe, "C:\Program Files\Java\jdk-21\bin\java.exe" -Djavax.net.ssl.trustStoreType=WINDOWS-ROOT -classpath C:\tools\maven\boot\plexus-classworlds-2.7.0.jar -Dclassworlds.conf=C:\tools\maven\bin\m2.conf -Dmaven.home=C:\tools\maven -Dlibrary.jansi.path=C:\tools\maven\lib\jansi-native "-Dmaven.multiModuleProjectDirectory=D:\VVSS lab 5\parabank" org.codehaus.plexus.classworlds.launcher.Launcher test -Dtest=LoginBlackBoxTest,ScenarioBasedTest) succeeded; PID=20792
[2026/05/19 12:37:04.482, java.exe (PID: 34616, TID: 10152), Executor.cpp:667 (Executor2::execAndWait)]
	TRACE: Process with PID=20792 terminated. Exit code=1
[2026/05/19 12:37:05.421, java.exe (PID: 16728, TID: 33096), JavaEnvironment.cpp:502 (JavaEnvironment::detect)]
	TRACE: Entering JavaEnvironment::detect
[2026/05/19 12:37:05.427, java.exe (PID: 16728, TID: 33096), JavaEnvironment.cpp:519 (JavaEnvironment::detect)]
	TRACE: Installed Java detected: version=1.8.0_461; arch=64; productCode={71124AE4-039E-4CA4-87B4-2F64180461F0}; type=0
[2026/05/19 12:37:05.444, java.exe (PID: 16728, TID: 33096), JavaEnvironment.cpp:519 (JavaEnvironment::detect)]
	TRACE: Installed Java detected: version=; arch=64; productCode={58B96B13-1F94-5431-BEB9-2952C3D7D747}; type=1
[2026/05/19 12:37:05.445, java.exe (PID: 16728, TID: 33096), JavaEnvironment.cpp:135 (`anonymous-namespace'::detectHomeDir)]
	TRACE: Find home dir of {58B96B13-1F94-5431-BEB9-2952C3D7D747} Java installation
[2026/05/19 12:37:05.445, java.exe (PID: 16728, TID: 33096), JavaEnvironment.cpp:302 (`anonymous-namespace'::detectFullVersion)]
	TRACE: Detect full version of {58B96B13-1F94-5431-BEB9-2952C3D7D747} Java installation
[2026/05/19 12:37:05.445, java.exe (PID: 16728, TID: 33096), JavaEnvironment.cpp:213 (`anonymous-namespace'::detectFullVersionFromMsi)]
	TRACE: detectFullVersionFromMsi({58B96B13-1F94-5431-BEB9-2952C3D7D747})
[2026/05/19 12:37:05.450, java.exe (PID: 16728, TID: 33096), JavaEnvironment.cpp:481 (`anonymous-namespace'::getInstalledJava)]
	TRACE: InstalledJava(21.0.8+12|21.0.8+12|JDK|64bit|C:\Program Files\Java\jdk-21|{58B96B13-1F94-5431-BEB9-2952C3D7D747}|-10|)
[2026/05/19 12:37:05.453, java.exe (PID: 16728, TID: 33096), JavaEnvironment.cpp:0 (JavaEnvironment::detect)]
	TRACE: Exiting JavaEnvironment::detect (entered at JavaEnvironment.cpp:502)
[2026/05/19 12:37:05.470, java.exe (PID: 16728, TID: 33096), Executor.cpp:706 (Executor2::startProcess)]
	TRACE: CreateProcess(C:\Program Files\Java\jdk-21\bin\java.exe, "C:\Program Files\Java\jdk-21\bin\java.exe" -Djavax.net.ssl.trustStoreType=WINDOWS-ROOT -classpath C:\tools\maven\boot\plexus-classworlds-2.7.0.jar -Dclassworlds.conf=C:\tools\maven\bin\m2.conf -Dmaven.home=C:\tools\maven -Dlibrary.jansi.path=C:\tools\maven\lib\jansi-native "-Dmaven.multiModuleProjectDirectory=D:\VVSS lab 5\parabank" org.codehaus.plexus.classworlds.launcher.Launcher org.codehaus.cargo:cargo-maven3-plugin:1.10.27:stop) succeeded; PID=10656
[2026/05/19 12:37:17.784, java.exe (PID: 16728, TID: 33096), Executor.cpp:667 (Executor2::execAndWait)]
	TRACE: Process with PID=10656 terminated. Exit code=0
[2026/05/19 12:45:09.066, java.exe (PID: 3632, TID: 25668), JavaEnvironment.cpp:502 (JavaEnvironment::detect)]
	TRACE: Entering JavaEnvironment::detect
[2026/05/19 12:45:09.070, java.exe (PID: 3632, TID: 25668), JavaEnvironment.cpp:519 (JavaEnvironment::detect)]
	TRACE: Installed Java detected: version=1.8.0_461; arch=64; productCode={71124AE4-039E-4CA4-87B4-2F64180461F0}; type=0
[2026/05/19 12:45:09.082, java.exe (PID: 3632, TID: 25668), JavaEnvironment.cpp:519 (JavaEnvironment::detect)]
	TRACE: Installed Java detected: version=; arch=64; productCode={58B96B13-1F94-5431-BEB9-2952C3D7D747}; type=1
[2026/05/19 12:45:09.082, java.exe (PID: 3632, TID: 25668), JavaEnvironment.cpp:135 (`anonymous-namespace'::detectHomeDir)]
	TRACE: Find home dir of {58B96B13-1F94-5431-BEB9-2952C3D7D747} Java installation
[2026/05/19 12:45:09.082, java.exe (PID: 3632, TID: 25668), JavaEnvironment.cpp:302 (`anonymous-namespace'::detectFullVersion)]
	TRACE: Detect full version of {58B96B13-1F94-5431-BEB9-2952C3D7D747} Java installation
[2026/05/19 12:45:09.082, java.exe (PID: 3632, TID: 25668), JavaEnvironment.cpp:213 (`anonymous-namespace'::detectFullVersionFromMsi)]
	TRACE: detectFullVersionFromMsi({58B96B13-1F94-5431-BEB9-2952C3D7D747})
[2026/05/19 12:45:09.086, java.exe (PID: 3632, TID: 25668), JavaEnvironment.cpp:481 (`anonymous-namespace'::getInstalledJava)]
	TRACE: InstalledJava(21.0.8+12|21.0.8+12|JDK|64bit|C:\Program Files\Java\jdk-21|{58B96B13-1F94-5431-BEB9-2952C3D7D747}|-10|)
[2026/05/19 12:45:09.090, java.exe (PID: 3632, TID: 25668), JavaEnvironment.cpp:0 (JavaEnvironment::detect)]
	TRACE: Exiting JavaEnvironment::detect (entered at JavaEnvironment.cpp:502)
[2026/05/19 12:45:09.102, java.exe (PID: 3632, TID: 25668), Executor.cpp:706 (Executor2::startProcess)]
	TRACE: CreateProcess(C:\Program Files\Java\jdk-21\bin\java.exe, "C:\Program Files\Java\jdk-21\bin\java.exe" -version) succeeded; PID=31288
[2026/05/19 12:45:09.176, java.exe (PID: 3632, TID: 25668), Executor.cpp:667 (Executor2::execAndWait)]
	TRACE: Process with PID=31288 terminated. Exit code=0
[2026/05/19 12:45:09.389, java.exe (PID: 31364, TID: 33260), JavaEnvironment.cpp:502 (JavaEnvironment::detect)]
	TRACE: Entering JavaEnvironment::detect
[2026/05/19 12:45:09.395, java.exe (PID: 31364, TID: 33260), JavaEnvironment.cpp:519 (JavaEnvironment::detect)]
	TRACE: Installed Java detected: version=1.8.0_461; arch=64; productCode={71124AE4-039E-4CA4-87B4-2F64180461F0}; type=0
[2026/05/19 12:45:09.407, java.exe (PID: 31364, TID: 33260), JavaEnvironment.cpp:519 (JavaEnvironment::detect)]
	TRACE: Installed Java detected: version=; arch=64; productCode={58B96B13-1F94-5431-BEB9-2952C3D7D747}; type=1
[2026/05/19 12:45:09.407, java.exe (PID: 31364, TID: 33260), JavaEnvironment.cpp:135 (`anonymous-namespace'::detectHomeDir)]
	TRACE: Find home dir of {58B96B13-1F94-5431-BEB9-2952C3D7D747} Java installation
[2026/05/19 12:45:09.407, java.exe (PID: 31364, TID: 33260), JavaEnvironment.cpp:302 (`anonymous-namespace'::detectFullVersion)]
	TRACE: Detect full version of {58B96B13-1F94-5431-BEB9-2952C3D7D747} Java installation
[2026/05/19 12:45:09.407, java.exe (PID: 31364, TID: 33260), JavaEnvironment.cpp:213 (`anonymous-namespace'::detectFullVersionFromMsi)]
	TRACE: detectFullVersionFromMsi({58B96B13-1F94-5431-BEB9-2952C3D7D747})
[2026/05/19 12:45:09.411, java.exe (PID: 31364, TID: 33260), JavaEnvironment.cpp:481 (`anonymous-namespace'::getInstalledJava)]
	TRACE: InstalledJava(21.0.8+12|21.0.8+12|JDK|64bit|C:\Program Files\Java\jdk-21|{58B96B13-1F94-5431-BEB9-2952C3D7D747}|-10|)
[2026/05/19 12:45:09.415, java.exe (PID: 31364, TID: 33260), JavaEnvironment.cpp:0 (JavaEnvironment::detect)]
	TRACE: Exiting JavaEnvironment::detect (entered at JavaEnvironment.cpp:502)
[2026/05/19 12:45:09.427, java.exe (PID: 31364, TID: 33260), Executor.cpp:706 (Executor2::startProcess)]
	TRACE: CreateProcess(C:\Program Files\Java\jdk-21\bin\java.exe, "C:\Program Files\Java\jdk-21\bin\java.exe" -Djavax.net.ssl.trustStoreType=WINDOWS-ROOT -classpath C:\tools\maven\boot\plexus-classworlds-2.7.0.jar -Dclassworlds.conf=C:\tools\maven\bin\m2.conf -Dmaven.home=C:\tools\maven -Dlibrary.jansi.path=C:\tools\maven\lib\jansi-native "-Dmaven.multiModuleProjectDirectory=D:\VVSS lab 5\parabank" org.codehaus.plexus.classworlds.launcher.Launcher -version) succeeded; PID=32368
[2026/05/19 12:45:09.649, java.exe (PID: 31364, TID: 33260), Executor.cpp:667 (Executor2::execAndWait)]
	TRACE: Process with PID=32368 terminated. Exit code=0
[2026/05/19 12:45:10.213, java.exe (PID: 33192, TID: 15660), JavaEnvironment.cpp:502 (JavaEnvironment::detect)]
	TRACE: Entering JavaEnvironment::detect
[2026/05/19 12:45:10.217, java.exe (PID: 33192, TID: 15660), JavaEnvironment.cpp:519 (JavaEnvironment::detect)]
	TRACE: Installed Java detected: version=1.8.0_461; arch=64; productCode={71124AE4-039E-4CA4-87B4-2F64180461F0}; type=0
[2026/05/19 12:45:10.229, java.exe (PID: 33192, TID: 15660), JavaEnvironment.cpp:519 (JavaEnvironment::detect)]
	TRACE: Installed Java detected: version=; arch=64; productCode={58B96B13-1F94-5431-BEB9-2952C3D7D747}; type=1
[2026/05/19 12:45:10.229, java.exe (PID: 33192, TID: 15660), JavaEnvironment.cpp:135 (`anonymous-namespace'::detectHomeDir)]
	TRACE: Find home dir of {58B96B13-1F94-5431-BEB9-2952C3D7D747} Java installation
[2026/05/19 12:45:10.229, java.exe (PID: 33192, TID: 15660), JavaEnvironment.cpp:302 (`anonymous-namespace'::detectFullVersion)]
	TRACE: Detect full version of {58B96B13-1F94-5431-BEB9-2952C3D7D747} Java installation
[2026/05/19 12:45:10.229, java.exe (PID: 33192, TID: 15660), JavaEnvironment.cpp:213 (`anonymous-namespace'::detectFullVersionFromMsi)]
	TRACE: detectFullVersionFromMsi({58B96B13-1F94-5431-BEB9-2952C3D7D747})
[2026/05/19 12:45:10.233, java.exe (PID: 33192, TID: 15660), JavaEnvironment.cpp:481 (`anonymous-namespace'::getInstalledJava)]
	TRACE: InstalledJava(21.0.8+12|21.0.8+12|JDK|64bit|C:\Program Files\Java\jdk-21|{58B96B13-1F94-5431-BEB9-2952C3D7D747}|-10|)
[2026/05/19 12:45:10.237, java.exe (PID: 33192, TID: 15660), JavaEnvironment.cpp:0 (JavaEnvironment::detect)]
	TRACE: Exiting JavaEnvironment::detect (entered at JavaEnvironment.cpp:502)
[2026/05/19 12:45:10.251, java.exe (PID: 33192, TID: 15660), Executor.cpp:706 (Executor2::startProcess)]
	TRACE: CreateProcess(C:\Program Files\Java\jdk-21\bin\java.exe, "C:\Program Files\Java\jdk-21\bin\java.exe" -Djavax.net.ssl.trustStoreType=WINDOWS-ROOT -classpath C:\tools\maven\boot\plexus-classworlds-2.7.0.jar -Dclassworlds.conf=C:\tools\maven\bin\m2.conf -Dmaven.home=C:\tools\maven -Dlibrary.jansi.path=C:\tools\maven\lib\jansi-native "-Dmaven.multiModuleProjectDirectory=D:\VVSS lab 5\parabank" org.codehaus.plexus.classworlds.launcher.Launcher -DskipTests package org.codehaus.cargo:cargo-maven3-plugin:1.10.27:start) succeeded; PID=17256
[2026/05/19 12:45:35.597, java.exe (PID: 33192, TID: 15660), Executor.cpp:667 (Executor2::execAndWait)]
	TRACE: Process with PID=17256 terminated. Exit code=1
[2026/05/19 12:45:36.841, java.exe (PID: 16500, TID: 32812), JavaEnvironment.cpp:502 (JavaEnvironment::detect)]
	TRACE: Entering JavaEnvironment::detect
[2026/05/19 12:45:36.846, java.exe (PID: 16500, TID: 32812), JavaEnvironment.cpp:519 (JavaEnvironment::detect)]
	TRACE: Installed Java detected: version=1.8.0_461; arch=64; productCode={71124AE4-039E-4CA4-87B4-2F64180461F0}; type=0
[2026/05/19 12:45:36.859, java.exe (PID: 16500, TID: 32812), JavaEnvironment.cpp:519 (JavaEnvironment::detect)]
	TRACE: Installed Java detected: version=; arch=64; productCode={58B96B13-1F94-5431-BEB9-2952C3D7D747}; type=1
[2026/05/19 12:45:36.859, java.exe (PID: 16500, TID: 32812), JavaEnvironment.cpp:135 (`anonymous-namespace'::detectHomeDir)]
	TRACE: Find home dir of {58B96B13-1F94-5431-BEB9-2952C3D7D747} Java installation
[2026/05/19 12:45:36.859, java.exe (PID: 16500, TID: 32812), JavaEnvironment.cpp:302 (`anonymous-namespace'::detectFullVersion)]
	TRACE: Detect full version of {58B96B13-1F94-5431-BEB9-2952C3D7D747} Java installation
[2026/05/19 12:45:36.859, java.exe (PID: 16500, TID: 32812), JavaEnvironment.cpp:213 (`anonymous-namespace'::detectFullVersionFromMsi)]
	TRACE: detectFullVersionFromMsi({58B96B13-1F94-5431-BEB9-2952C3D7D747})
[2026/05/19 12:45:36.864, java.exe (PID: 16500, TID: 32812), JavaEnvironment.cpp:481 (`anonymous-namespace'::getInstalledJava)]
	TRACE: InstalledJava(21.0.8+12|21.0.8+12|JDK|64bit|C:\Program Files\Java\jdk-21|{58B96B13-1F94-5431-BEB9-2952C3D7D747}|-10|)
[2026/05/19 12:45:36.867, java.exe (PID: 16500, TID: 32812), JavaEnvironment.cpp:0 (JavaEnvironment::detect)]
	TRACE: Exiting JavaEnvironment::detect (entered at JavaEnvironment.cpp:502)
[2026/05/19 12:45:36.882, java.exe (PID: 16500, TID: 32812), Executor.cpp:706 (Executor2::startProcess)]
	TRACE: CreateProcess(C:\Program Files\Java\jdk-21\bin\java.exe, "C:\Program Files\Java\jdk-21\bin\java.exe" -Djavax.net.ssl.trustStoreType=WINDOWS-ROOT -classpath C:\tools\maven\boot\plexus-classworlds-2.7.0.jar -Dclassworlds.conf=C:\tools\maven\bin\m2.conf -Dmaven.home=C:\tools\maven -Dlibrary.jansi.path=C:\tools\maven\lib\jansi-native "-Dmaven.multiModuleProjectDirectory=D:\VVSS lab 5\parabank" org.codehaus.plexus.classworlds.launcher.Launcher org.codehaus.cargo:cargo-maven3-plugin:1.10.27:stop) succeeded; PID=31372
[2026/05/19 12:45:49.153, java.exe (PID: 16500, TID: 32812), Executor.cpp:667 (Executor2::execAndWait)]
	TRACE: Process with PID=31372 terminated. Exit code=0
[2026/05/19 12:47:33.852, java.exe (PID: 31320, TID: 31852), JavaEnvironment.cpp:502 (JavaEnvironment::detect)]
	TRACE: Entering JavaEnvironment::detect
[2026/05/19 12:47:33.858, java.exe (PID: 31320, TID: 31852), JavaEnvironment.cpp:519 (JavaEnvironment::detect)]
	TRACE: Installed Java detected: version=1.8.0_461; arch=64; productCode={71124AE4-039E-4CA4-87B4-2F64180461F0}; type=0
[2026/05/19 12:47:33.872, java.exe (PID: 31320, TID: 31852), JavaEnvironment.cpp:519 (JavaEnvironment::detect)]
	TRACE: Installed Java detected: version=; arch=64; productCode={58B96B13-1F94-5431-BEB9-2952C3D7D747}; type=1
[2026/05/19 12:47:33.872, java.exe (PID: 31320, TID: 31852), JavaEnvironment.cpp:135 (`anonymous-namespace'::detectHomeDir)]
	TRACE: Find home dir of {58B96B13-1F94-5431-BEB9-2952C3D7D747} Java installation
[2026/05/19 12:47:33.872, java.exe (PID: 31320, TID: 31852), JavaEnvironment.cpp:302 (`anonymous-namespace'::detectFullVersion)]
	TRACE: Detect full version of {58B96B13-1F94-5431-BEB9-2952C3D7D747} Java installation
[2026/05/19 12:47:33.872, java.exe (PID: 31320, TID: 31852), JavaEnvironment.cpp:213 (`anonymous-namespace'::detectFullVersionFromMsi)]
	TRACE: detectFullVersionFromMsi({58B96B13-1F94-5431-BEB9-2952C3D7D747})
[2026/05/19 12:47:33.876, java.exe (PID: 31320, TID: 31852), JavaEnvironment.cpp:481 (`anonymous-namespace'::getInstalledJava)]
	TRACE: InstalledJava(21.0.8+12|21.0.8+12|JDK|64bit|C:\Program Files\Java\jdk-21|{58B96B13-1F94-5431-BEB9-2952C3D7D747}|-10|)
[2026/05/19 12:47:33.878, java.exe (PID: 31320, TID: 31852), JavaEnvironment.cpp:0 (JavaEnvironment::detect)]
	TRACE: Exiting JavaEnvironment::detect (entered at JavaEnvironment.cpp:502)
[2026/05/19 12:47:33.892, java.exe (PID: 31320, TID: 31852), Executor.cpp:706 (Executor2::startProcess)]
	TRACE: CreateProcess(C:\Program Files\Java\jdk-21\bin\java.exe, "C:\Program Files\Java\jdk-21\bin\java.exe" -version) succeeded; PID=23232
[2026/05/19 12:47:33.965, java.exe (PID: 31320, TID: 31852), Executor.cpp:667 (Executor2::execAndWait)]
	TRACE: Process with PID=23232 terminated. Exit code=0
[2026/05/19 12:47:34.177, java.exe (PID: 10048, TID: 34804), JavaEnvironment.cpp:502 (JavaEnvironment::detect)]
	TRACE: Entering JavaEnvironment::detect
[2026/05/19 12:47:34.183, java.exe (PID: 10048, TID: 34804), JavaEnvironment.cpp:519 (JavaEnvironment::detect)]
	TRACE: Installed Java detected: version=1.8.0_461; arch=64; productCode={71124AE4-039E-4CA4-87B4-2F64180461F0}; type=0
[2026/05/19 12:47:34.195, java.exe (PID: 10048, TID: 34804), JavaEnvironment.cpp:519 (JavaEnvironment::detect)]
	TRACE: Installed Java detected: version=; arch=64; productCode={58B96B13-1F94-5431-BEB9-2952C3D7D747}; type=1
[2026/05/19 12:47:34.195, java.exe (PID: 10048, TID: 34804), JavaEnvironment.cpp:135 (`anonymous-namespace'::detectHomeDir)]
	TRACE: Find home dir of {58B96B13-1F94-5431-BEB9-2952C3D7D747} Java installation
[2026/05/19 12:47:34.197, java.exe (PID: 10048, TID: 34804), JavaEnvironment.cpp:302 (`anonymous-namespace'::detectFullVersion)]
	TRACE: Detect full version of {58B96B13-1F94-5431-BEB9-2952C3D7D747} Java installation
[2026/05/19 12:47:34.197, java.exe (PID: 10048, TID: 34804), JavaEnvironment.cpp:213 (`anonymous-namespace'::detectFullVersionFromMsi)]
	TRACE: detectFullVersionFromMsi({58B96B13-1F94-5431-BEB9-2952C3D7D747})
[2026/05/19 12:47:34.201, java.exe (PID: 10048, TID: 34804), JavaEnvironment.cpp:481 (`anonymous-namespace'::getInstalledJava)]
	TRACE: InstalledJava(21.0.8+12|21.0.8+12|JDK|64bit|C:\Program Files\Java\jdk-21|{58B96B13-1F94-5431-BEB9-2952C3D7D747}|-10|)
[2026/05/19 12:47:34.203, java.exe (PID: 10048, TID: 34804), JavaEnvironment.cpp:0 (JavaEnvironment::detect)]
	TRACE: Exiting JavaEnvironment::detect (entered at JavaEnvironment.cpp:502)
[2026/05/19 12:47:34.215, java.exe (PID: 10048, TID: 34804), Executor.cpp:706 (Executor2::startProcess)]
	TRACE: CreateProcess(C:\Program Files\Java\jdk-21\bin\java.exe, "C:\Program Files\Java\jdk-21\bin\java.exe" -Djavax.net.ssl.trustStoreType=WINDOWS-ROOT -classpath C:\tools\maven\boot\plexus-classworlds-2.7.0.jar -Dclassworlds.conf=C:\tools\maven\bin\m2.conf -Dmaven.home=C:\tools\maven -Dlibrary.jansi.path=C:\tools\maven\lib\jansi-native "-Dmaven.multiModuleProjectDirectory=D:\VVSS lab 5\parabank" org.codehaus.plexus.classworlds.launcher.Launcher -version) succeeded; PID=14228
[2026/05/19 12:47:34.440, java.exe (PID: 10048, TID: 34804), Executor.cpp:667 (Executor2::execAndWait)]
	TRACE: Process with PID=14228 terminated. Exit code=0
[2026/05/19 12:47:34.998, java.exe (PID: 3668, TID: 34440), JavaEnvironment.cpp:502 (JavaEnvironment::detect)]
	TRACE: Entering JavaEnvironment::detect
[2026/05/19 12:47:35.004, java.exe (PID: 3668, TID: 34440), JavaEnvironment.cpp:519 (JavaEnvironment::detect)]
	TRACE: Installed Java detected: version=1.8.0_461; arch=64; productCode={71124AE4-039E-4CA4-87B4-2F64180461F0}; type=0
[2026/05/19 12:47:35.016, java.exe (PID: 3668, TID: 34440), JavaEnvironment.cpp:519 (JavaEnvironment::detect)]
	TRACE: Installed Java detected: version=; arch=64; productCode={58B96B13-1F94-5431-BEB9-2952C3D7D747}; type=1
[2026/05/19 12:47:35.016, java.exe (PID: 3668, TID: 34440), JavaEnvironment.cpp:135 (`anonymous-namespace'::detectHomeDir)]
	TRACE: Find home dir of {58B96B13-1F94-5431-BEB9-2952C3D7D747} Java installation
[2026/05/19 12:47:35.018, java.exe (PID: 3668, TID: 34440), JavaEnvironment.cpp:302 (`anonymous-namespace'::detectFullVersion)]
	TRACE: Detect full version of {58B96B13-1F94-5431-BEB9-2952C3D7D747} Java installation
[2026/05/19 12:47:35.018, java.exe (PID: 3668, TID: 34440), JavaEnvironment.cpp:213 (`anonymous-namespace'::detectFullVersionFromMsi)]
	TRACE: detectFullVersionFromMsi({58B96B13-1F94-5431-BEB9-2952C3D7D747})
[2026/05/19 12:47:35.022, java.exe (PID: 3668, TID: 34440), JavaEnvironment.cpp:481 (`anonymous-namespace'::getInstalledJava)]
	TRACE: InstalledJava(21.0.8+12|21.0.8+12|JDK|64bit|C:\Program Files\Java\jdk-21|{58B96B13-1F94-5431-BEB9-2952C3D7D747}|-10|)
[2026/05/19 12:47:35.024, java.exe (PID: 3668, TID: 34440), JavaEnvironment.cpp:0 (JavaEnvironment::detect)]
	TRACE: Exiting JavaEnvironment::detect (entered at JavaEnvironment.cpp:502)
[2026/05/19 12:47:35.038, java.exe (PID: 3668, TID: 34440), Executor.cpp:706 (Executor2::startProcess)]
	TRACE: CreateProcess(C:\Program Files\Java\jdk-21\bin\java.exe, "C:\Program Files\Java\jdk-21\bin\java.exe" -Djavax.net.ssl.trustStoreType=WINDOWS-ROOT -classpath C:\tools\maven\boot\plexus-classworlds-2.7.0.jar -Dclassworlds.conf=C:\tools\maven\bin\m2.conf -Dmaven.home=C:\tools\maven -Dlibrary.jansi.path=C:\tools\maven\lib\jansi-native "-Dmaven.multiModuleProjectDirectory=D:\VVSS lab 5\parabank" org.codehaus.plexus.classworlds.launcher.Launcher org.codehaus.cargo:cargo-maven3-plugin:1.10.27:stop) succeeded; PID=28336
[2026/05/19 12:47:47.027, java.exe (PID: 3668, TID: 34440), Executor.cpp:667 (Executor2::execAndWait)]
	TRACE: Process with PID=28336 terminated. Exit code=0
[2026/05/19 12:47:49.056, java.exe (PID: 32288, TID: 6204), JavaEnvironment.cpp:502 (JavaEnvironment::detect)]
	TRACE: Entering JavaEnvironment::detect
[2026/05/19 12:47:49.062, java.exe (PID: 32288, TID: 6204), JavaEnvironment.cpp:519 (JavaEnvironment::detect)]
	TRACE: Installed Java detected: version=1.8.0_461; arch=64; productCode={71124AE4-039E-4CA4-87B4-2F64180461F0}; type=0
[2026/05/19 12:47:49.076, java.exe (PID: 32288, TID: 6204), JavaEnvironment.cpp:519 (JavaEnvironment::detect)]
	TRACE: Installed Java detected: version=; arch=64; productCode={58B96B13-1F94-5431-BEB9-2952C3D7D747}; type=1
[2026/05/19 12:47:49.076, java.exe (PID: 32288, TID: 6204), JavaEnvironment.cpp:135 (`anonymous-namespace'::detectHomeDir)]
	TRACE: Find home dir of {58B96B13-1F94-5431-BEB9-2952C3D7D747} Java installation
[2026/05/19 12:47:49.076, java.exe (PID: 32288, TID: 6204), JavaEnvironment.cpp:302 (`anonymous-namespace'::detectFullVersion)]
	TRACE: Detect full version of {58B96B13-1F94-5431-BEB9-2952C3D7D747} Java installation
[2026/05/19 12:47:49.077, java.exe (PID: 32288, TID: 6204), JavaEnvironment.cpp:213 (`anonymous-namespace'::detectFullVersionFromMsi)]
	TRACE: detectFullVersionFromMsi({58B96B13-1F94-5431-BEB9-2952C3D7D747})
[2026/05/19 12:47:49.081, java.exe (PID: 32288, TID: 6204), JavaEnvironment.cpp:481 (`anonymous-namespace'::getInstalledJava)]
	TRACE: InstalledJava(21.0.8+12|21.0.8+12|JDK|64bit|C:\Program Files\Java\jdk-21|{58B96B13-1F94-5431-BEB9-2952C3D7D747}|-10|)
[2026/05/19 12:47:49.083, java.exe (PID: 32288, TID: 6204), JavaEnvironment.cpp:0 (JavaEnvironment::detect)]
	TRACE: Exiting JavaEnvironment::detect (entered at JavaEnvironment.cpp:502)
[2026/05/19 12:47:49.099, java.exe (PID: 32288, TID: 6204), Executor.cpp:706 (Executor2::startProcess)]
	TRACE: CreateProcess(C:\Program Files\Java\jdk-21\bin\java.exe, "C:\Program Files\Java\jdk-21\bin\java.exe" -Djavax.net.ssl.trustStoreType=WINDOWS-ROOT -classpath C:\tools\maven\boot\plexus-classworlds-2.7.0.jar -Dclassworlds.conf=C:\tools\maven\bin\m2.conf -Dmaven.home=C:\tools\maven -Dlibrary.jansi.path=C:\tools\maven\lib\jansi-native "-Dmaven.multiModuleProjectDirectory=D:\VVSS lab 5\parabank" org.codehaus.plexus.classworlds.launcher.Launcher -DskipTests package org.codehaus.cargo:cargo-maven3-plugin:1.10.27:start) succeeded; PID=30068
[2026/05/19 12:48:30.606, java.exe (PID: 32288, TID: 6204), Executor.cpp:667 (Executor2::execAndWait)]
	TRACE: Process with PID=30068 terminated. Exit code=0
[2026/05/19 13:09:08.899, java.exe (PID: 14920, TID: 32444), JavaEnvironment.cpp:502 (JavaEnvironment::detect)]
	TRACE: Entering JavaEnvironment::detect
[2026/05/19 13:09:08.905, java.exe (PID: 14920, TID: 32444), JavaEnvironment.cpp:519 (JavaEnvironment::detect)]
	TRACE: Installed Java detected: version=1.8.0_461; arch=64; productCode={71124AE4-039E-4CA4-87B4-2F64180461F0}; type=0
[2026/05/19 13:09:08.920, java.exe (PID: 14920, TID: 32444), JavaEnvironment.cpp:519 (JavaEnvironment::detect)]
	TRACE: Installed Java detected: version=; arch=64; productCode={58B96B13-1F94-5431-BEB9-2952C3D7D747}; type=1
[2026/05/19 13:09:08.920, java.exe (PID: 14920, TID: 32444), JavaEnvironment.cpp:135 (`anonymous-namespace'::detectHomeDir)]
	TRACE: Find home dir of {58B96B13-1F94-5431-BEB9-2952C3D7D747} Java installation
[2026/05/19 13:09:08.921, java.exe (PID: 14920, TID: 32444), JavaEnvironment.cpp:302 (`anonymous-namespace'::detectFullVersion)]
	TRACE: Detect full version of {58B96B13-1F94-5431-BEB9-2952C3D7D747} Java installation
[2026/05/19 13:09:08.921, java.exe (PID: 14920, TID: 32444), JavaEnvironment.cpp:213 (`anonymous-namespace'::detectFullVersionFromMsi)]
	TRACE: detectFullVersionFromMsi({58B96B13-1F94-5431-BEB9-2952C3D7D747})
[2026/05/19 13:09:08.926, java.exe (PID: 14920, TID: 32444), JavaEnvironment.cpp:481 (`anonymous-namespace'::getInstalledJava)]
	TRACE: InstalledJava(21.0.8+12|21.0.8+12|JDK|64bit|C:\Program Files\Java\jdk-21|{58B96B13-1F94-5431-BEB9-2952C3D7D747}|-10|)
[2026/05/19 13:09:08.930, java.exe (PID: 14920, TID: 32444), JavaEnvironment.cpp:0 (JavaEnvironment::detect)]
	TRACE: Exiting JavaEnvironment::detect (entered at JavaEnvironment.cpp:502)
[2026/05/19 13:09:08.948, java.exe (PID: 14920, TID: 32444), Executor.cpp:706 (Executor2::startProcess)]
	TRACE: CreateProcess(C:\Program Files\Java\jdk-21\bin\java.exe, "C:\Program Files\Java\jdk-21\bin\java.exe" -Djavax.net.ssl.trustStoreType=WINDOWS-ROOT -classpath C:\tools\maven\boot\plexus-classworlds-2.7.0.jar -Dclassworlds.conf=C:\tools\maven\bin\m2.conf -Dmaven.home=C:\tools\maven -Dlibrary.jansi.path=C:\tools\maven\lib\jansi-native "-Dmaven.multiModuleProjectDirectory=D:\VVSS lab 5\parabank" org.codehaus.plexus.classworlds.launcher.Launcher org.codehaus.cargo:cargo-maven3-plugin:1.10.27:stop) succeeded; PID=32200
[2026/05/19 13:09:21.517, java.exe (PID: 14920, TID: 32444), Executor.cpp:667 (Executor2::execAndWait)]
	TRACE: Process with PID=32200 terminated. Exit code=0
[2026/05/19 13:09:36.643, java.exe (PID: 25096, TID: 21780), JavaEnvironment.cpp:502 (JavaEnvironment::detect)]
	TRACE: Entering JavaEnvironment::detect
[2026/05/19 13:09:36.648, java.exe (PID: 25096, TID: 21780), JavaEnvironment.cpp:519 (JavaEnvironment::detect)]
	TRACE: Installed Java detected: version=1.8.0_461; arch=64; productCode={71124AE4-039E-4CA4-87B4-2F64180461F0}; type=0
[2026/05/19 13:09:36.661, java.exe (PID: 25096, TID: 21780), JavaEnvironment.cpp:519 (JavaEnvironment::detect)]
	TRACE: Installed Java detected: version=; arch=64; productCode={58B96B13-1F94-5431-BEB9-2952C3D7D747}; type=1
[2026/05/19 13:09:36.661, java.exe (PID: 25096, TID: 21780), JavaEnvironment.cpp:135 (`anonymous-namespace'::detectHomeDir)]
	TRACE: Find home dir of {58B96B13-1F94-5431-BEB9-2952C3D7D747} Java installation
[2026/05/19 13:09:36.661, java.exe (PID: 25096, TID: 21780), JavaEnvironment.cpp:302 (`anonymous-namespace'::detectFullVersion)]
	TRACE: Detect full version of {58B96B13-1F94-5431-BEB9-2952C3D7D747} Java installation
[2026/05/19 13:09:36.662, java.exe (PID: 25096, TID: 21780), JavaEnvironment.cpp:213 (`anonymous-namespace'::detectFullVersionFromMsi)]
	TRACE: detectFullVersionFromMsi({58B96B13-1F94-5431-BEB9-2952C3D7D747})
[2026/05/19 13:09:36.666, java.exe (PID: 25096, TID: 21780), JavaEnvironment.cpp:481 (`anonymous-namespace'::getInstalledJava)]
	TRACE: InstalledJava(21.0.8+12|21.0.8+12|JDK|64bit|C:\Program Files\Java\jdk-21|{58B96B13-1F94-5431-BEB9-2952C3D7D747}|-10|)
[2026/05/19 13:09:36.669, java.exe (PID: 25096, TID: 21780), JavaEnvironment.cpp:0 (JavaEnvironment::detect)]
	TRACE: Exiting JavaEnvironment::detect (entered at JavaEnvironment.cpp:502)
[2026/05/19 13:09:36.682, java.exe (PID: 25096, TID: 21780), Executor.cpp:706 (Executor2::startProcess)]
	TRACE: CreateProcess(C:\Program Files\Java\jdk-21\bin\java.exe, "C:\Program Files\Java\jdk-21\bin\java.exe" -version) succeeded; PID=26596
[2026/05/19 13:09:36.765, java.exe (PID: 25096, TID: 21780), Executor.cpp:667 (Executor2::execAndWait)]
	TRACE: Process with PID=26596 terminated. Exit code=0
[2026/05/19 13:09:36.977, java.exe (PID: 34400, TID: 28312), JavaEnvironment.cpp:502 (JavaEnvironment::detect)]
	TRACE: Entering JavaEnvironment::detect
[2026/05/19 13:09:36.982, java.exe (PID: 34400, TID: 28312), JavaEnvironment.cpp:519 (JavaEnvironment::detect)]
	TRACE: Installed Java detected: version=1.8.0_461; arch=64; productCode={71124AE4-039E-4CA4-87B4-2F64180461F0}; type=0
[2026/05/19 13:09:36.994, java.exe (PID: 34400, TID: 28312), JavaEnvironment.cpp:519 (JavaEnvironment::detect)]
	TRACE: Installed Java detected: version=; arch=64; productCode={58B96B13-1F94-5431-BEB9-2952C3D7D747}; type=1
[2026/05/19 13:09:36.994, java.exe (PID: 34400, TID: 28312), JavaEnvironment.cpp:135 (`anonymous-namespace'::detectHomeDir)]
	TRACE: Find home dir of {58B96B13-1F94-5431-BEB9-2952C3D7D747} Java installation
[2026/05/19 13:09:36.995, java.exe (PID: 34400, TID: 28312), JavaEnvironment.cpp:302 (`anonymous-namespace'::detectFullVersion)]
	TRACE: Detect full version of {58B96B13-1F94-5431-BEB9-2952C3D7D747} Java installation
[2026/05/19 13:09:36.995, java.exe (PID: 34400, TID: 28312), JavaEnvironment.cpp:213 (`anonymous-namespace'::detectFullVersionFromMsi)]
	TRACE: detectFullVersionFromMsi({58B96B13-1F94-5431-BEB9-2952C3D7D747})
[2026/05/19 13:09:37.001, java.exe (PID: 34400, TID: 28312), JavaEnvironment.cpp:481 (`anonymous-namespace'::getInstalledJava)]
	TRACE: InstalledJava(21.0.8+12|21.0.8+12|JDK|64bit|C:\Program Files\Java\jdk-21|{58B96B13-1F94-5431-BEB9-2952C3D7D747}|-10|)
[2026/05/19 13:09:37.003, java.exe (PID: 34400, TID: 28312), JavaEnvironment.cpp:0 (JavaEnvironment::detect)]
	TRACE: Exiting JavaEnvironment::detect (entered at JavaEnvironment.cpp:502)
[2026/05/19 13:09:37.019, java.exe (PID: 34400, TID: 28312), Executor.cpp:706 (Executor2::startProcess)]
	TRACE: CreateProcess(C:\Program Files\Java\jdk-21\bin\java.exe, "C:\Program Files\Java\jdk-21\bin\java.exe" -Djavax.net.ssl.trustStoreType=WINDOWS-ROOT -classpath C:\tools\maven\boot\plexus-classworlds-2.7.0.jar -Dclassworlds.conf=C:\tools\maven\bin\m2.conf -Dmaven.home=C:\tools\maven -Dlibrary.jansi.path=C:\tools\maven\lib\jansi-native "-Dmaven.multiModuleProjectDirectory=D:\VVSS lab 5\parabank" org.codehaus.plexus.classworlds.launcher.Launcher -version) succeeded; PID=34008
[2026/05/19 13:09:37.261, java.exe (PID: 34400, TID: 28312), Executor.cpp:667 (Executor2::execAndWait)]
	TRACE: Process with PID=34008 terminated. Exit code=0
[2026/05/19 13:09:37.780, java.exe (PID: 9820, TID: 25848), JavaEnvironment.cpp:502 (JavaEnvironment::detect)]
	TRACE: Entering JavaEnvironment::detect
[2026/05/19 13:09:37.785, java.exe (PID: 9820, TID: 25848), JavaEnvironment.cpp:519 (JavaEnvironment::detect)]
	TRACE: Installed Java detected: version=1.8.0_461; arch=64; productCode={71124AE4-039E-4CA4-87B4-2F64180461F0}; type=0
[2026/05/19 13:09:37.800, java.exe (PID: 9820, TID: 25848), JavaEnvironment.cpp:519 (JavaEnvironment::detect)]
	TRACE: Installed Java detected: version=; arch=64; productCode={58B96B13-1F94-5431-BEB9-2952C3D7D747}; type=1
[2026/05/19 13:09:37.800, java.exe (PID: 9820, TID: 25848), JavaEnvironment.cpp:135 (`anonymous-namespace'::detectHomeDir)]
	TRACE: Find home dir of {58B96B13-1F94-5431-BEB9-2952C3D7D747} Java installation
[2026/05/19 13:09:37.801, java.exe (PID: 9820, TID: 25848), JavaEnvironment.cpp:302 (`anonymous-namespace'::detectFullVersion)]
	TRACE: Detect full version of {58B96B13-1F94-5431-BEB9-2952C3D7D747} Java installation
[2026/05/19 13:09:37.801, java.exe (PID: 9820, TID: 25848), JavaEnvironment.cpp:213 (`anonymous-namespace'::detectFullVersionFromMsi)]
	TRACE: detectFullVersionFromMsi({58B96B13-1F94-5431-BEB9-2952C3D7D747})
[2026/05/19 13:09:37.805, java.exe (PID: 9820, TID: 25848), JavaEnvironment.cpp:481 (`anonymous-namespace'::getInstalledJava)]
	TRACE: InstalledJava(21.0.8+12|21.0.8+12|JDK|64bit|C:\Program Files\Java\jdk-21|{58B96B13-1F94-5431-BEB9-2952C3D7D747}|-10|)
[2026/05/19 13:09:37.809, java.exe (PID: 9820, TID: 25848), JavaEnvironment.cpp:0 (JavaEnvironment::detect)]
	TRACE: Exiting JavaEnvironment::detect (entered at JavaEnvironment.cpp:502)
[2026/05/19 13:09:37.823, java.exe (PID: 9820, TID: 25848), Executor.cpp:706 (Executor2::startProcess)]
	TRACE: CreateProcess(C:\Program Files\Java\jdk-21\bin\java.exe, "C:\Program Files\Java\jdk-21\bin\java.exe" -Djavax.net.ssl.trustStoreType=WINDOWS-ROOT -classpath C:\tools\maven\boot\plexus-classworlds-2.7.0.jar -Dclassworlds.conf=C:\tools\maven\bin\m2.conf -Dmaven.home=C:\tools\maven -Dlibrary.jansi.path=C:\tools\maven\lib\jansi-native "-Dmaven.multiModuleProjectDirectory=D:\VVSS lab 5\parabank" org.codehaus.plexus.classworlds.launcher.Launcher org.codehaus.cargo:cargo-maven3-plugin:1.10.27:stop) succeeded; PID=34476
[2026/05/19 13:09:49.989, java.exe (PID: 9820, TID: 25848), Executor.cpp:667 (Executor2::execAndWait)]
	TRACE: Process with PID=34476 terminated. Exit code=0
[2026/05/19 13:09:50.617, java.exe (PID: 13472, TID: 34200), JavaEnvironment.cpp:502 (JavaEnvironment::detect)]
	TRACE: Entering JavaEnvironment::detect
[2026/05/19 13:09:50.623, java.exe (PID: 13472, TID: 34200), JavaEnvironment.cpp:519 (JavaEnvironment::detect)]
	TRACE: Installed Java detected: version=1.8.0_461; arch=64; productCode={71124AE4-039E-4CA4-87B4-2F64180461F0}; type=0
[2026/05/19 13:09:50.637, java.exe (PID: 13472, TID: 34200), JavaEnvironment.cpp:519 (JavaEnvironment::detect)]
	TRACE: Installed Java detected: version=; arch=64; productCode={58B96B13-1F94-5431-BEB9-2952C3D7D747}; type=1
[2026/05/19 13:09:50.638, java.exe (PID: 13472, TID: 34200), JavaEnvironment.cpp:135 (`anonymous-namespace'::detectHomeDir)]
	TRACE: Find home dir of {58B96B13-1F94-5431-BEB9-2952C3D7D747} Java installation
[2026/05/19 13:09:50.638, java.exe (PID: 13472, TID: 34200), JavaEnvironment.cpp:302 (`anonymous-namespace'::detectFullVersion)]
	TRACE: Detect full version of {58B96B13-1F94-5431-BEB9-2952C3D7D747} Java installation
[2026/05/19 13:09:50.638, java.exe (PID: 13472, TID: 34200), JavaEnvironment.cpp:213 (`anonymous-namespace'::detectFullVersionFromMsi)]
	TRACE: detectFullVersionFromMsi({58B96B13-1F94-5431-BEB9-2952C3D7D747})
[2026/05/19 13:09:50.643, java.exe (PID: 13472, TID: 34200), JavaEnvironment.cpp:481 (`anonymous-namespace'::getInstalledJava)]
	TRACE: InstalledJava(21.0.8+12|21.0.8+12|JDK|64bit|C:\Program Files\Java\jdk-21|{58B96B13-1F94-5431-BEB9-2952C3D7D747}|-10|)
[2026/05/19 13:09:50.646, java.exe (PID: 13472, TID: 34200), JavaEnvironment.cpp:0 (JavaEnvironment::detect)]
	TRACE: Exiting JavaEnvironment::detect (entered at JavaEnvironment.cpp:502)
[2026/05/19 13:09:50.660, java.exe (PID: 13472, TID: 34200), Executor.cpp:706 (Executor2::startProcess)]
	TRACE: CreateProcess(C:\Program Files\Java\jdk-21\bin\java.exe, "C:\Program Files\Java\jdk-21\bin\java.exe" -Djavax.net.ssl.trustStoreType=WINDOWS-ROOT -classpath C:\tools\maven\boot\plexus-classworlds-2.7.0.jar -Dclassworlds.conf=C:\tools\maven\bin\m2.conf -Dmaven.home=C:\tools\maven -Dlibrary.jansi.path=C:\tools\maven\lib\jansi-native "-Dmaven.multiModuleProjectDirectory=D:\VVSS lab 5\parabank" org.codehaus.plexus.classworlds.launcher.Launcher -DskipTests package org.codehaus.cargo:cargo-maven3-plugin:1.10.27:start) succeeded; PID=2044
[2026/05/19 13:10:32.628, java.exe (PID: 13472, TID: 34200), Executor.cpp:667 (Executor2::execAndWait)]
	TRACE: Process with PID=2044 terminated. Exit code=0
[2026/05/19 13:31:25.819, java.exe (PID: 33604, TID: 30392), JavaEnvironment.cpp:502 (JavaEnvironment::detect)]
	TRACE: Entering JavaEnvironment::detect
[2026/05/19 13:31:25.824, java.exe (PID: 33604, TID: 30392), JavaEnvironment.cpp:519 (JavaEnvironment::detect)]
	TRACE: Installed Java detected: version=1.8.0_461; arch=64; productCode={71124AE4-039E-4CA4-87B4-2F64180461F0}; type=0
[2026/05/19 13:31:25.839, java.exe (PID: 33604, TID: 30392), JavaEnvironment.cpp:519 (JavaEnvironment::detect)]
	TRACE: Installed Java detected: version=; arch=64; productCode={58B96B13-1F94-5431-BEB9-2952C3D7D747}; type=1
[2026/05/19 13:31:25.840, java.exe (PID: 33604, TID: 30392), JavaEnvironment.cpp:135 (`anonymous-namespace'::detectHomeDir)]
	TRACE: Find home dir of {58B96B13-1F94-5431-BEB9-2952C3D7D747} Java installation
[2026/05/19 13:31:25.840, java.exe (PID: 33604, TID: 30392), JavaEnvironment.cpp:302 (`anonymous-namespace'::detectFullVersion)]
	TRACE: Detect full version of {58B96B13-1F94-5431-BEB9-2952C3D7D747} Java installation
[2026/05/19 13:31:25.840, java.exe (PID: 33604, TID: 30392), JavaEnvironment.cpp:213 (`anonymous-namespace'::detectFullVersionFromMsi)]
	TRACE: detectFullVersionFromMsi({58B96B13-1F94-5431-BEB9-2952C3D7D747})
[2026/05/19 13:31:25.845, java.exe (PID: 33604, TID: 30392), JavaEnvironment.cpp:481 (`anonymous-namespace'::getInstalledJava)]
	TRACE: InstalledJava(21.0.8+12|21.0.8+12|JDK|64bit|C:\Program Files\Java\jdk-21|{58B96B13-1F94-5431-BEB9-2952C3D7D747}|-10|)
[2026/05/19 13:31:25.848, java.exe (PID: 33604, TID: 30392), JavaEnvironment.cpp:0 (JavaEnvironment::detect)]
	TRACE: Exiting JavaEnvironment::detect (entered at JavaEnvironment.cpp:502)
[2026/05/19 13:31:25.864, java.exe (PID: 33604, TID: 30392), Executor.cpp:706 (Executor2::startProcess)]
	TRACE: CreateProcess(C:\Program Files\Java\jdk-21\bin\java.exe, "C:\Program Files\Java\jdk-21\bin\java.exe" -Djavax.net.ssl.trustStoreType=WINDOWS-ROOT -classpath C:\tools\maven\boot\plexus-classworlds-2.7.0.jar -Dclassworlds.conf=C:\tools\maven\bin\m2.conf -Dmaven.home=C:\tools\maven -Dlibrary.jansi.path=C:\tools\maven\lib\jansi-native "-Dmaven.multiModuleProjectDirectory=D:\VVSS lab 5\parabank" org.codehaus.plexus.classworlds.launcher.Launcher org.codehaus.cargo:cargo-maven3-plugin:1.10.27:stop) succeeded; PID=30852
[2026/05/19 13:31:40.124, java.exe (PID: 26016, TID: 31876), JavaEnvironment.cpp:502 (JavaEnvironment::detect)]
	TRACE: Entering JavaEnvironment::detect
[2026/05/19 13:31:40.128, java.exe (PID: 26016, TID: 31876), JavaEnvironment.cpp:519 (JavaEnvironment::detect)]
	TRACE: Installed Java detected: version=1.8.0_461; arch=64; productCode={71124AE4-039E-4CA4-87B4-2F64180461F0}; type=0
[2026/05/19 13:31:40.142, java.exe (PID: 26016, TID: 31876), JavaEnvironment.cpp:519 (JavaEnvironment::detect)]
	TRACE: Installed Java detected: version=; arch=64; productCode={58B96B13-1F94-5431-BEB9-2952C3D7D747}; type=1
[2026/05/19 13:31:40.142, java.exe (PID: 26016, TID: 31876), JavaEnvironment.cpp:135 (`anonymous-namespace'::detectHomeDir)]
	TRACE: Find home dir of {58B96B13-1F94-5431-BEB9-2952C3D7D747} Java installation
[2026/05/19 13:31:40.142, java.exe (PID: 26016, TID: 31876), JavaEnvironment.cpp:302 (`anonymous-namespace'::detectFullVersion)]
	TRACE: Detect full version of {58B96B13-1F94-5431-BEB9-2952C3D7D747} Java installation
[2026/05/19 13:31:40.142, java.exe (PID: 26016, TID: 31876), JavaEnvironment.cpp:213 (`anonymous-namespace'::detectFullVersionFromMsi)]
	TRACE: detectFullVersionFromMsi({58B96B13-1F94-5431-BEB9-2952C3D7D747})
[2026/05/19 13:31:40.146, java.exe (PID: 26016, TID: 31876), JavaEnvironment.cpp:481 (`anonymous-namespace'::getInstalledJava)]
	TRACE: InstalledJava(21.0.8+12|21.0.8+12|JDK|64bit|C:\Program Files\Java\jdk-21|{58B96B13-1F94-5431-BEB9-2952C3D7D747}|-10|)
[2026/05/19 13:31:40.148, java.exe (PID: 26016, TID: 31876), JavaEnvironment.cpp:0 (JavaEnvironment::detect)]
	TRACE: Exiting JavaEnvironment::detect (entered at JavaEnvironment.cpp:502)
[2026/05/19 13:31:40.162, java.exe (PID: 26016, TID: 31876), Executor.cpp:706 (Executor2::startProcess)]
	TRACE: CreateProcess(C:\Program Files\Java\jdk-21\bin\java.exe, "C:\Program Files\Java\jdk-21\bin\java.exe" -version) succeeded; PID=29636
[2026/05/19 13:31:40.234, java.exe (PID: 26016, TID: 31876), Executor.cpp:667 (Executor2::execAndWait)]
	TRACE: Process with PID=29636 terminated. Exit code=0
[2026/05/19 13:31:40.440, java.exe (PID: 34228, TID: 7700), JavaEnvironment.cpp:502 (JavaEnvironment::detect)]
	TRACE: Entering JavaEnvironment::detect
[2026/05/19 13:31:40.444, java.exe (PID: 34228, TID: 7700), JavaEnvironment.cpp:519 (JavaEnvironment::detect)]
	TRACE: Installed Java detected: version=1.8.0_461; arch=64; productCode={71124AE4-039E-4CA4-87B4-2F64180461F0}; type=0
[2026/05/19 13:31:40.457, java.exe (PID: 34228, TID: 7700), JavaEnvironment.cpp:519 (JavaEnvironment::detect)]
	TRACE: Installed Java detected: version=; arch=64; productCode={58B96B13-1F94-5431-BEB9-2952C3D7D747}; type=1
[2026/05/19 13:31:40.457, java.exe (PID: 34228, TID: 7700), JavaEnvironment.cpp:135 (`anonymous-namespace'::detectHomeDir)]
	TRACE: Find home dir of {58B96B13-1F94-5431-BEB9-2952C3D7D747} Java installation
[2026/05/19 13:31:40.457, java.exe (PID: 34228, TID: 7700), JavaEnvironment.cpp:302 (`anonymous-namespace'::detectFullVersion)]
	TRACE: Detect full version of {58B96B13-1F94-5431-BEB9-2952C3D7D747} Java installation
[2026/05/19 13:31:40.457, java.exe (PID: 34228, TID: 7700), JavaEnvironment.cpp:213 (`anonymous-namespace'::detectFullVersionFromMsi)]
	TRACE: detectFullVersionFromMsi({58B96B13-1F94-5431-BEB9-2952C3D7D747})
[2026/05/19 13:31:40.461, java.exe (PID: 34228, TID: 7700), JavaEnvironment.cpp:481 (`anonymous-namespace'::getInstalledJava)]
	TRACE: InstalledJava(21.0.8+12|21.0.8+12|JDK|64bit|C:\Program Files\Java\jdk-21|{58B96B13-1F94-5431-BEB9-2952C3D7D747}|-10|)
[2026/05/19 13:31:40.463, java.exe (PID: 34228, TID: 7700), JavaEnvironment.cpp:0 (JavaEnvironment::detect)]
	TRACE: Exiting JavaEnvironment::detect (entered at JavaEnvironment.cpp:502)
[2026/05/19 13:31:40.475, java.exe (PID: 34228, TID: 7700), Executor.cpp:706 (Executor2::startProcess)]
	TRACE: CreateProcess(C:\Program Files\Java\jdk-21\bin\java.exe, "C:\Program Files\Java\jdk-21\bin\java.exe" -Djavax.net.ssl.trustStoreType=WINDOWS-ROOT -classpath C:\tools\maven\boot\plexus-classworlds-2.7.0.jar -Dclassworlds.conf=C:\tools\maven\bin\m2.conf -Dmaven.home=C:\tools\maven -Dlibrary.jansi.path=C:\tools\maven\lib\jansi-native "-Dmaven.multiModuleProjectDirectory=D:\VVSS lab 5\parabank" org.codehaus.plexus.classworlds.launcher.Launcher -version) succeeded; PID=30400
[2026/05/19 13:31:40.685, java.exe (PID: 34228, TID: 7700), Executor.cpp:667 (Executor2::execAndWait)]
	TRACE: Process with PID=30400 terminated. Exit code=0
[2026/05/19 13:31:41.221, java.exe (PID: 31740, TID: 33508), JavaEnvironment.cpp:502 (JavaEnvironment::detect)]
	TRACE: Entering JavaEnvironment::detect
[2026/05/19 13:31:41.226, java.exe (PID: 31740, TID: 33508), JavaEnvironment.cpp:519 (JavaEnvironment::detect)]
	TRACE: Installed Java detected: version=1.8.0_461; arch=64; productCode={71124AE4-039E-4CA4-87B4-2F64180461F0}; type=0
[2026/05/19 13:31:41.236, java.exe (PID: 31740, TID: 33508), JavaEnvironment.cpp:519 (JavaEnvironment::detect)]
	TRACE: Installed Java detected: version=; arch=64; productCode={58B96B13-1F94-5431-BEB9-2952C3D7D747}; type=1
[2026/05/19 13:31:41.238, java.exe (PID: 31740, TID: 33508), JavaEnvironment.cpp:135 (`anonymous-namespace'::detectHomeDir)]
	TRACE: Find home dir of {58B96B13-1F94-5431-BEB9-2952C3D7D747} Java installation
[2026/05/19 13:31:41.238, java.exe (PID: 31740, TID: 33508), JavaEnvironment.cpp:302 (`anonymous-namespace'::detectFullVersion)]
	TRACE: Detect full version of {58B96B13-1F94-5431-BEB9-2952C3D7D747} Java installation
[2026/05/19 13:31:41.238, java.exe (PID: 31740, TID: 33508), JavaEnvironment.cpp:213 (`anonymous-namespace'::detectFullVersionFromMsi)]
	TRACE: detectFullVersionFromMsi({58B96B13-1F94-5431-BEB9-2952C3D7D747})
[2026/05/19 13:31:41.242, java.exe (PID: 31740, TID: 33508), JavaEnvironment.cpp:481 (`anonymous-namespace'::getInstalledJava)]
	TRACE: InstalledJava(21.0.8+12|21.0.8+12|JDK|64bit|C:\Program Files\Java\jdk-21|{58B96B13-1F94-5431-BEB9-2952C3D7D747}|-10|)
[2026/05/19 13:31:41.244, java.exe (PID: 31740, TID: 33508), JavaEnvironment.cpp:0 (JavaEnvironment::detect)]
	TRACE: Exiting JavaEnvironment::detect (entered at JavaEnvironment.cpp:502)
[2026/05/19 13:31:41.257, java.exe (PID: 31740, TID: 33508), Executor.cpp:706 (Executor2::startProcess)]
	TRACE: CreateProcess(C:\Program Files\Java\jdk-21\bin\java.exe, "C:\Program Files\Java\jdk-21\bin\java.exe" -Djavax.net.ssl.trustStoreType=WINDOWS-ROOT -classpath C:\tools\maven\boot\plexus-classworlds-2.7.0.jar -Dclassworlds.conf=C:\tools\maven\bin\m2.conf -Dmaven.home=C:\tools\maven -Dlibrary.jansi.path=C:\tools\maven\lib\jansi-native "-Dmaven.multiModuleProjectDirectory=D:\VVSS lab 5\parabank" org.codehaus.plexus.classworlds.launcher.Launcher org.codehaus.cargo:cargo-maven3-plugin:1.10.27:stop) succeeded; PID=9496
[2026/05/19 13:31:53.588, java.exe (PID: 31740, TID: 33508), Executor.cpp:667 (Executor2::execAndWait)]
	TRACE: Process with PID=9496 terminated. Exit code=0
[2026/05/19 13:31:54.186, java.exe (PID: 34220, TID: 6720), JavaEnvironment.cpp:502 (JavaEnvironment::detect)]
	TRACE: Entering JavaEnvironment::detect
[2026/05/19 13:31:54.192, java.exe (PID: 34220, TID: 6720), JavaEnvironment.cpp:519 (JavaEnvironment::detect)]
	TRACE: Installed Java detected: version=1.8.0_461; arch=64; productCode={71124AE4-039E-4CA4-87B4-2F64180461F0}; type=0
[2026/05/19 13:31:54.209, java.exe (PID: 34220, TID: 6720), JavaEnvironment.cpp:519 (JavaEnvironment::detect)]
	TRACE: Installed Java detected: version=; arch=64; productCode={58B96B13-1F94-5431-BEB9-2952C3D7D747}; type=1
[2026/05/19 13:31:54.209, java.exe (PID: 34220, TID: 6720), JavaEnvironment.cpp:135 (`anonymous-namespace'::detectHomeDir)]
	TRACE: Find home dir of {58B96B13-1F94-5431-BEB9-2952C3D7D747} Java installation
[2026/05/19 13:31:54.209, java.exe (PID: 34220, TID: 6720), JavaEnvironment.cpp:302 (`anonymous-namespace'::detectFullVersion)]
	TRACE: Detect full version of {58B96B13-1F94-5431-BEB9-2952C3D7D747} Java installation
[2026/05/19 13:31:54.209, java.exe (PID: 34220, TID: 6720), JavaEnvironment.cpp:213 (`anonymous-namespace'::detectFullVersionFromMsi)]
	TRACE: detectFullVersionFromMsi({58B96B13-1F94-5431-BEB9-2952C3D7D747})
[2026/05/19 13:31:54.214, java.exe (PID: 34220, TID: 6720), JavaEnvironment.cpp:481 (`anonymous-namespace'::getInstalledJava)]
	TRACE: InstalledJava(21.0.8+12|21.0.8+12|JDK|64bit|C:\Program Files\Java\jdk-21|{58B96B13-1F94-5431-BEB9-2952C3D7D747}|-10|)
[2026/05/19 13:31:54.218, java.exe (PID: 34220, TID: 6720), JavaEnvironment.cpp:0 (JavaEnvironment::detect)]
	TRACE: Exiting JavaEnvironment::detect (entered at JavaEnvironment.cpp:502)
[2026/05/19 13:31:54.234, java.exe (PID: 34220, TID: 6720), Executor.cpp:706 (Executor2::startProcess)]
	TRACE: CreateProcess(C:\Program Files\Java\jdk-21\bin\java.exe, "C:\Program Files\Java\jdk-21\bin\java.exe" -Djavax.net.ssl.trustStoreType=WINDOWS-ROOT -classpath C:\tools\maven\boot\plexus-classworlds-2.7.0.jar -Dclassworlds.conf=C:\tools\maven\bin\m2.conf -Dmaven.home=C:\tools\maven -Dlibrary.jansi.path=C:\tools\maven\lib\jansi-native "-Dmaven.multiModuleProjectDirectory=D:\VVSS lab 5\parabank" org.codehaus.plexus.classworlds.launcher.Launcher -DskipTests package org.codehaus.cargo:cargo-maven3-plugin:1.10.27:start) succeeded; PID=33340
[2026/05/19 13:32:37.163, java.exe (PID: 34220, TID: 6720), Executor.cpp:667 (Executor2::execAndWait)]
	TRACE: Process with PID=33340 terminated. Exit code=0
[2026/05/19 13:40:44.853, java.exe (PID: 16500, TID: 2204), JavaEnvironment.cpp:502 (JavaEnvironment::detect)]
	TRACE: Entering JavaEnvironment::detect
[2026/05/19 13:40:44.859, java.exe (PID: 16500, TID: 2204), JavaEnvironment.cpp:519 (JavaEnvironment::detect)]
	TRACE: Installed Java detected: version=1.8.0_461; arch=64; productCode={71124AE4-039E-4CA4-87B4-2F64180461F0}; type=0
[2026/05/19 13:40:44.872, java.exe (PID: 16500, TID: 2204), JavaEnvironment.cpp:519 (JavaEnvironment::detect)]
	TRACE: Installed Java detected: version=; arch=64; productCode={58B96B13-1F94-5431-BEB9-2952C3D7D747}; type=1
[2026/05/19 13:40:44.872, java.exe (PID: 16500, TID: 2204), JavaEnvironment.cpp:135 (`anonymous-namespace'::detectHomeDir)]
	TRACE: Find home dir of {58B96B13-1F94-5431-BEB9-2952C3D7D747} Java installation
[2026/05/19 13:40:44.872, java.exe (PID: 16500, TID: 2204), JavaEnvironment.cpp:302 (`anonymous-namespace'::detectFullVersion)]
	TRACE: Detect full version of {58B96B13-1F94-5431-BEB9-2952C3D7D747} Java installation
[2026/05/19 13:40:44.872, java.exe (PID: 16500, TID: 2204), JavaEnvironment.cpp:213 (`anonymous-namespace'::detectFullVersionFromMsi)]
	TRACE: detectFullVersionFromMsi({58B96B13-1F94-5431-BEB9-2952C3D7D747})
[2026/05/19 13:40:44.878, java.exe (PID: 16500, TID: 2204), JavaEnvironment.cpp:481 (`anonymous-namespace'::getInstalledJava)]
	TRACE: InstalledJava(21.0.8+12|21.0.8+12|JDK|64bit|C:\Program Files\Java\jdk-21|{58B96B13-1F94-5431-BEB9-2952C3D7D747}|-10|)
[2026/05/19 13:40:44.881, java.exe (PID: 16500, TID: 2204), JavaEnvironment.cpp:0 (JavaEnvironment::detect)]
	TRACE: Exiting JavaEnvironment::detect (entered at JavaEnvironment.cpp:502)
[2026/05/19 13:40:44.897, java.exe (PID: 16500, TID: 2204), Executor.cpp:706 (Executor2::startProcess)]
	TRACE: CreateProcess(C:\Program Files\Java\jdk-21\bin\java.exe, "C:\Program Files\Java\jdk-21\bin\java.exe" -Djavax.net.ssl.trustStoreType=WINDOWS-ROOT -classpath C:\tools\maven\boot\plexus-classworlds-2.7.0.jar -Dclassworlds.conf=C:\tools\maven\bin\m2.conf -Dmaven.home=C:\tools\maven -Dlibrary.jansi.path=C:\tools\maven\lib\jansi-native "-Dmaven.multiModuleProjectDirectory=D:\VVSS lab 5\parabank" org.codehaus.plexus.classworlds.launcher.Launcher org.codehaus.cargo:cargo-maven3-plugin:1.10.27:stop) succeeded; PID=28140
[2026/05/19 13:40:57.793, java.exe (PID: 16500, TID: 2204), Executor.cpp:667 (Executor2::execAndWait)]
	TRACE: Process with PID=28140 terminated. Exit code=0
[2026/05/19 13:41:17.375, java.exe (PID: 34012, TID: 26016), JavaEnvironment.cpp:502 (JavaEnvironment::detect)]
	TRACE: Entering JavaEnvironment::detect
[2026/05/19 13:41:17.381, java.exe (PID: 34012, TID: 26016), JavaEnvironment.cpp:519 (JavaEnvironment::detect)]
	TRACE: Installed Java detected: version=1.8.0_461; arch=64; productCode={71124AE4-039E-4CA4-87B4-2F64180461F0}; type=0
[2026/05/19 13:41:17.392, java.exe (PID: 34012, TID: 26016), JavaEnvironment.cpp:519 (JavaEnvironment::detect)]
	TRACE: Installed Java detected: version=; arch=64; productCode={58B96B13-1F94-5431-BEB9-2952C3D7D747}; type=1
[2026/05/19 13:41:17.393, java.exe (PID: 34012, TID: 26016), JavaEnvironment.cpp:135 (`anonymous-namespace'::detectHomeDir)]
	TRACE: Find home dir of {58B96B13-1F94-5431-BEB9-2952C3D7D747} Java installation
[2026/05/19 13:41:17.393, java.exe (PID: 34012, TID: 26016), JavaEnvironment.cpp:302 (`anonymous-namespace'::detectFullVersion)]
	TRACE: Detect full version of {58B96B13-1F94-5431-BEB9-2952C3D7D747} Java installation
[2026/05/19 13:41:17.393, java.exe (PID: 34012, TID: 26016), JavaEnvironment.cpp:213 (`anonymous-namespace'::detectFullVersionFromMsi)]
	TRACE: detectFullVersionFromMsi({58B96B13-1F94-5431-BEB9-2952C3D7D747})
[2026/05/19 13:41:17.397, java.exe (PID: 34012, TID: 26016), JavaEnvironment.cpp:481 (`anonymous-namespace'::getInstalledJava)]
	TRACE: InstalledJava(21.0.8+12|21.0.8+12|JDK|64bit|C:\Program Files\Java\jdk-21|{58B96B13-1F94-5431-BEB9-2952C3D7D747}|-10|)
[2026/05/19 13:41:17.400, java.exe (PID: 34012, TID: 26016), JavaEnvironment.cpp:0 (JavaEnvironment::detect)]
	TRACE: Exiting JavaEnvironment::detect (entered at JavaEnvironment.cpp:502)
[2026/05/19 13:41:17.413, java.exe (PID: 34012, TID: 26016), Executor.cpp:706 (Executor2::startProcess)]
	TRACE: CreateProcess(C:\Program Files\Java\jdk-21\bin\java.exe, "C:\Program Files\Java\jdk-21\bin\java.exe" -version) succeeded; PID=7220
[2026/05/19 13:41:17.485, java.exe (PID: 34012, TID: 26016), Executor.cpp:667 (Executor2::execAndWait)]
	TRACE: Process with PID=7220 terminated. Exit code=0
[2026/05/19 13:41:17.724, java.exe (PID: 28140, TID: 33760), JavaEnvironment.cpp:502 (JavaEnvironment::detect)]
	TRACE: Entering JavaEnvironment::detect
[2026/05/19 13:41:17.729, java.exe (PID: 28140, TID: 33760), JavaEnvironment.cpp:519 (JavaEnvironment::detect)]
	TRACE: Installed Java detected: version=1.8.0_461; arch=64; productCode={71124AE4-039E-4CA4-87B4-2F64180461F0}; type=0
[2026/05/19 13:41:17.743, java.exe (PID: 28140, TID: 33760), JavaEnvironment.cpp:519 (JavaEnvironment::detect)]
	TRACE: Installed Java detected: version=; arch=64; productCode={58B96B13-1F94-5431-BEB9-2952C3D7D747}; type=1
[2026/05/19 13:41:17.743, java.exe (PID: 28140, TID: 33760), JavaEnvironment.cpp:135 (`anonymous-namespace'::detectHomeDir)]
	TRACE: Find home dir of {58B96B13-1F94-5431-BEB9-2952C3D7D747} Java installation
[2026/05/19 13:41:17.743, java.exe (PID: 28140, TID: 33760), JavaEnvironment.cpp:302 (`anonymous-namespace'::detectFullVersion)]
	TRACE: Detect full version of {58B96B13-1F94-5431-BEB9-2952C3D7D747} Java installation
[2026/05/19 13:41:17.743, java.exe (PID: 28140, TID: 33760), JavaEnvironment.cpp:213 (`anonymous-namespace'::detectFullVersionFromMsi)]
	TRACE: detectFullVersionFromMsi({58B96B13-1F94-5431-BEB9-2952C3D7D747})
[2026/05/19 13:41:17.747, java.exe (PID: 28140, TID: 33760), JavaEnvironment.cpp:481 (`anonymous-namespace'::getInstalledJava)]
	TRACE: InstalledJava(21.0.8+12|21.0.8+12|JDK|64bit|C:\Program Files\Java\jdk-21|{58B96B13-1F94-5431-BEB9-2952C3D7D747}|-10|)
[2026/05/19 13:41:17.751, java.exe (PID: 28140, TID: 33760), JavaEnvironment.cpp:0 (JavaEnvironment::detect)]
	TRACE: Exiting JavaEnvironment::detect (entered at JavaEnvironment.cpp:502)
[2026/05/19 13:41:17.765, java.exe (PID: 28140, TID: 33760), Executor.cpp:706 (Executor2::startProcess)]
	TRACE: CreateProcess(C:\Program Files\Java\jdk-21\bin\java.exe, "C:\Program Files\Java\jdk-21\bin\java.exe" -Djavax.net.ssl.trustStoreType=WINDOWS-ROOT -classpath C:\tools\maven\boot\plexus-classworlds-2.7.0.jar -Dclassworlds.conf=C:\tools\maven\bin\m2.conf -Dmaven.home=C:\tools\maven -Dlibrary.jansi.path=C:\tools\maven\lib\jansi-native "-Dmaven.multiModuleProjectDirectory=D:\VVSS lab 5\parabank" org.codehaus.plexus.classworlds.launcher.Launcher -version) succeeded; PID=16500
[2026/05/19 13:41:17.973, java.exe (PID: 28140, TID: 33760), Executor.cpp:667 (Executor2::execAndWait)]
	TRACE: Process with PID=16500 terminated. Exit code=0
[2026/05/19 13:41:18.535, java.exe (PID: 11508, TID: 32436), JavaEnvironment.cpp:502 (JavaEnvironment::detect)]
	TRACE: Entering JavaEnvironment::detect
[2026/05/19 13:41:18.539, java.exe (PID: 11508, TID: 32436), JavaEnvironment.cpp:519 (JavaEnvironment::detect)]
	TRACE: Installed Java detected: version=1.8.0_461; arch=64; productCode={71124AE4-039E-4CA4-87B4-2F64180461F0}; type=0
[2026/05/19 13:41:18.553, java.exe (PID: 11508, TID: 32436), JavaEnvironment.cpp:519 (JavaEnvironment::detect)]
	TRACE: Installed Java detected: version=; arch=64; productCode={58B96B13-1F94-5431-BEB9-2952C3D7D747}; type=1
[2026/05/19 13:41:18.553, java.exe (PID: 11508, TID: 32436), JavaEnvironment.cpp:135 (`anonymous-namespace'::detectHomeDir)]
	TRACE: Find home dir of {58B96B13-1F94-5431-BEB9-2952C3D7D747} Java installation
[2026/05/19 13:41:18.554, java.exe (PID: 11508, TID: 32436), JavaEnvironment.cpp:302 (`anonymous-namespace'::detectFullVersion)]
	TRACE: Detect full version of {58B96B13-1F94-5431-BEB9-2952C3D7D747} Java installation
[2026/05/19 13:41:18.554, java.exe (PID: 11508, TID: 32436), JavaEnvironment.cpp:213 (`anonymous-namespace'::detectFullVersionFromMsi)]
	TRACE: detectFullVersionFromMsi({58B96B13-1F94-5431-BEB9-2952C3D7D747})
[2026/05/19 13:41:18.559, java.exe (PID: 11508, TID: 32436), JavaEnvironment.cpp:481 (`anonymous-namespace'::getInstalledJava)]
	TRACE: InstalledJava(21.0.8+12|21.0.8+12|JDK|64bit|C:\Program Files\Java\jdk-21|{58B96B13-1F94-5431-BEB9-2952C3D7D747}|-10|)
[2026/05/19 13:41:18.562, java.exe (PID: 11508, TID: 32436), JavaEnvironment.cpp:0 (JavaEnvironment::detect)]
	TRACE: Exiting JavaEnvironment::detect (entered at JavaEnvironment.cpp:502)
[2026/05/19 13:41:18.579, java.exe (PID: 11508, TID: 32436), Executor.cpp:706 (Executor2::startProcess)]
	TRACE: CreateProcess(C:\Program Files\Java\jdk-21\bin\java.exe, "C:\Program Files\Java\jdk-21\bin\java.exe" -Djavax.net.ssl.trustStoreType=WINDOWS-ROOT -classpath C:\tools\maven\boot\plexus-classworlds-2.7.0.jar -Dclassworlds.conf=C:\tools\maven\bin\m2.conf -Dmaven.home=C:\tools\maven -Dlibrary.jansi.path=C:\tools\maven\lib\jansi-native "-Dmaven.multiModuleProjectDirectory=D:\VVSS lab 5\parabank" org.codehaus.plexus.classworlds.launcher.Launcher org.codehaus.cargo:cargo-maven3-plugin:1.10.27:stop) succeeded; PID=34568
[2026/05/19 13:41:30.699, java.exe (PID: 11508, TID: 32436), Executor.cpp:667 (Executor2::execAndWait)]
	TRACE: Process with PID=34568 terminated. Exit code=0
[2026/05/19 13:41:31.366, java.exe (PID: 27832, TID: 34004), JavaEnvironment.cpp:502 (JavaEnvironment::detect)]
	TRACE: Entering JavaEnvironment::detect
[2026/05/19 13:41:31.371, java.exe (PID: 27832, TID: 34004), JavaEnvironment.cpp:519 (JavaEnvironment::detect)]
	TRACE: Installed Java detected: version=1.8.0_461; arch=64; productCode={71124AE4-039E-4CA4-87B4-2F64180461F0}; type=0
[2026/05/19 13:41:31.386, java.exe (PID: 27832, TID: 34004), JavaEnvironment.cpp:519 (JavaEnvironment::detect)]
	TRACE: Installed Java detected: version=; arch=64; productCode={58B96B13-1F94-5431-BEB9-2952C3D7D747}; type=1
[2026/05/19 13:41:31.386, java.exe (PID: 27832, TID: 34004), JavaEnvironment.cpp:135 (`anonymous-namespace'::detectHomeDir)]
	TRACE: Find home dir of {58B96B13-1F94-5431-BEB9-2952C3D7D747} Java installation
[2026/05/19 13:41:31.388, java.exe (PID: 27832, TID: 34004), JavaEnvironment.cpp:302 (`anonymous-namespace'::detectFullVersion)]
	TRACE: Detect full version of {58B96B13-1F94-5431-BEB9-2952C3D7D747} Java installation
[2026/05/19 13:41:31.388, java.exe (PID: 27832, TID: 34004), JavaEnvironment.cpp:213 (`anonymous-namespace'::detectFullVersionFromMsi)]
	TRACE: detectFullVersionFromMsi({58B96B13-1F94-5431-BEB9-2952C3D7D747})
[2026/05/19 13:41:31.392, java.exe (PID: 27832, TID: 34004), JavaEnvironment.cpp:481 (`anonymous-namespace'::getInstalledJava)]
	TRACE: InstalledJava(21.0.8+12|21.0.8+12|JDK|64bit|C:\Program Files\Java\jdk-21|{58B96B13-1F94-5431-BEB9-2952C3D7D747}|-10|)
[2026/05/19 13:41:31.396, java.exe (PID: 27832, TID: 34004), JavaEnvironment.cpp:0 (JavaEnvironment::detect)]
	TRACE: Exiting JavaEnvironment::detect (entered at JavaEnvironment.cpp:502)
[2026/05/19 13:41:31.414, java.exe (PID: 27832, TID: 34004), Executor.cpp:706 (Executor2::startProcess)]
	TRACE: CreateProcess(C:\Program Files\Java\jdk-21\bin\java.exe, "C:\Program Files\Java\jdk-21\bin\java.exe" -Djavax.net.ssl.trustStoreType=WINDOWS-ROOT -classpath C:\tools\maven\boot\plexus-classworlds-2.7.0.jar -Dclassworlds.conf=C:\tools\maven\bin\m2.conf -Dmaven.home=C:\tools\maven -Dlibrary.jansi.path=C:\tools\maven\lib\jansi-native "-Dmaven.multiModuleProjectDirectory=D:\VVSS lab 5\parabank" org.codehaus.plexus.classworlds.launcher.Launcher -DskipTests package org.codehaus.cargo:cargo-maven3-plugin:1.10.27:start) succeeded; PID=34348
[2026/05/19 13:42:12.260, java.exe (PID: 27832, TID: 34004), Executor.cpp:667 (Executor2::execAndWait)]
	TRACE: Process with PID=34348 terminated. Exit code=0
[2026/05/19 13:50:49.807, java.exe (PID: 24748, TID: 7356), JavaEnvironment.cpp:502 (JavaEnvironment::detect)]
	TRACE: Entering JavaEnvironment::detect
[2026/05/19 13:50:49.814, java.exe (PID: 24748, TID: 7356), JavaEnvironment.cpp:519 (JavaEnvironment::detect)]
	TRACE: Installed Java detected: version=1.8.0_461; arch=64; productCode={71124AE4-039E-4CA4-87B4-2F64180461F0}; type=0
[2026/05/19 13:50:49.828, java.exe (PID: 24748, TID: 7356), JavaEnvironment.cpp:519 (JavaEnvironment::detect)]
	TRACE: Installed Java detected: version=; arch=64; productCode={58B96B13-1F94-5431-BEB9-2952C3D7D747}; type=1
[2026/05/19 13:50:49.828, java.exe (PID: 24748, TID: 7356), JavaEnvironment.cpp:135 (`anonymous-namespace'::detectHomeDir)]
	TRACE: Find home dir of {58B96B13-1F94-5431-BEB9-2952C3D7D747} Java installation
[2026/05/19 13:50:49.828, java.exe (PID: 24748, TID: 7356), JavaEnvironment.cpp:302 (`anonymous-namespace'::detectFullVersion)]
	TRACE: Detect full version of {58B96B13-1F94-5431-BEB9-2952C3D7D747} Java installation
[2026/05/19 13:50:49.828, java.exe (PID: 24748, TID: 7356), JavaEnvironment.cpp:213 (`anonymous-namespace'::detectFullVersionFromMsi)]
	TRACE: detectFullVersionFromMsi({58B96B13-1F94-5431-BEB9-2952C3D7D747})
[2026/05/19 13:50:49.835, java.exe (PID: 24748, TID: 7356), JavaEnvironment.cpp:481 (`anonymous-namespace'::getInstalledJava)]
	TRACE: InstalledJava(21.0.8+12|21.0.8+12|JDK|64bit|C:\Program Files\Java\jdk-21|{58B96B13-1F94-5431-BEB9-2952C3D7D747}|-10|)
[2026/05/19 13:50:49.837, java.exe (PID: 24748, TID: 7356), JavaEnvironment.cpp:0 (JavaEnvironment::detect)]
	TRACE: Exiting JavaEnvironment::detect (entered at JavaEnvironment.cpp:502)
[2026/05/19 13:50:49.858, java.exe (PID: 24748, TID: 7356), Executor.cpp:706 (Executor2::startProcess)]
	TRACE: CreateProcess(C:\Program Files\Java\jdk-21\bin\java.exe, "C:\Program Files\Java\jdk-21\bin\java.exe" -Djavax.net.ssl.trustStoreType=WINDOWS-ROOT -classpath C:\tools\maven\boot\plexus-classworlds-2.7.0.jar -Dclassworlds.conf=C:\tools\maven\bin\m2.conf -Dmaven.home=C:\tools\maven -Dlibrary.jansi.path=C:\tools\maven\lib\jansi-native "-Dmaven.multiModuleProjectDirectory=D:\VVSS lab 5\parabank" org.codehaus.plexus.classworlds.launcher.Launcher org.codehaus.cargo:cargo-maven3-plugin:1.10.27:stop) succeeded; PID=1184
[2026/05/19 13:51:02.523, java.exe (PID: 24748, TID: 7356), Executor.cpp:667 (Executor2::execAndWait)]
	TRACE: Process with PID=1184 terminated. Exit code=0
[2026/05/19 13:52:17.437, java.exe (PID: 32072, TID: 31892), JavaEnvironment.cpp:502 (JavaEnvironment::detect)]
	TRACE: Entering JavaEnvironment::detect
[2026/05/19 13:52:17.443, java.exe (PID: 32072, TID: 31892), JavaEnvironment.cpp:519 (JavaEnvironment::detect)]
	TRACE: Installed Java detected: version=1.8.0_461; arch=64; productCode={71124AE4-039E-4CA4-87B4-2F64180461F0}; type=0
[2026/05/19 13:52:17.455, java.exe (PID: 32072, TID: 31892), JavaEnvironment.cpp:519 (JavaEnvironment::detect)]
	TRACE: Installed Java detected: version=; arch=64; productCode={58B96B13-1F94-5431-BEB9-2952C3D7D747}; type=1
[2026/05/19 13:52:17.455, java.exe (PID: 32072, TID: 31892), JavaEnvironment.cpp:135 (`anonymous-namespace'::detectHomeDir)]
	TRACE: Find home dir of {58B96B13-1F94-5431-BEB9-2952C3D7D747} Java installation
[2026/05/19 13:52:17.455, java.exe (PID: 32072, TID: 31892), JavaEnvironment.cpp:302 (`anonymous-namespace'::detectFullVersion)]
	TRACE: Detect full version of {58B96B13-1F94-5431-BEB9-2952C3D7D747} Java installation
[2026/05/19 13:52:17.455, java.exe (PID: 32072, TID: 31892), JavaEnvironment.cpp:213 (`anonymous-namespace'::detectFullVersionFromMsi)]
	TRACE: detectFullVersionFromMsi({58B96B13-1F94-5431-BEB9-2952C3D7D747})
[2026/05/19 13:52:17.459, java.exe (PID: 32072, TID: 31892), JavaEnvironment.cpp:481 (`anonymous-namespace'::getInstalledJava)]
	TRACE: InstalledJava(21.0.8+12|21.0.8+12|JDK|64bit|C:\Program Files\Java\jdk-21|{58B96B13-1F94-5431-BEB9-2952C3D7D747}|-10|)
[2026/05/19 13:52:17.463, java.exe (PID: 32072, TID: 31892), JavaEnvironment.cpp:0 (JavaEnvironment::detect)]
	TRACE: Exiting JavaEnvironment::detect (entered at JavaEnvironment.cpp:502)
[2026/05/19 13:52:17.476, java.exe (PID: 32072, TID: 31892), Executor.cpp:706 (Executor2::startProcess)]
	TRACE: CreateProcess(C:\Program Files\Java\jdk-21\bin\java.exe, "C:\Program Files\Java\jdk-21\bin\java.exe" -version) succeeded; PID=13344
[2026/05/19 13:52:17.549, java.exe (PID: 32072, TID: 31892), Executor.cpp:667 (Executor2::execAndWait)]
	TRACE: Process with PID=13344 terminated. Exit code=0
[2026/05/19 13:52:17.758, java.exe (PID: 29084, TID: 21980), JavaEnvironment.cpp:502 (JavaEnvironment::detect)]
	TRACE: Entering JavaEnvironment::detect
[2026/05/19 13:52:17.762, java.exe (PID: 29084, TID: 21980), JavaEnvironment.cpp:519 (JavaEnvironment::detect)]
	TRACE: Installed Java detected: version=1.8.0_461; arch=64; productCode={71124AE4-039E-4CA4-87B4-2F64180461F0}; type=0
[2026/05/19 13:52:17.776, java.exe (PID: 29084, TID: 21980), JavaEnvironment.cpp:519 (JavaEnvironment::detect)]
	TRACE: Installed Java detected: version=; arch=64; productCode={58B96B13-1F94-5431-BEB9-2952C3D7D747}; type=1
[2026/05/19 13:52:17.776, java.exe (PID: 29084, TID: 21980), JavaEnvironment.cpp:135 (`anonymous-namespace'::detectHomeDir)]
	TRACE: Find home dir of {58B96B13-1F94-5431-BEB9-2952C3D7D747} Java installation
[2026/05/19 13:52:17.776, java.exe (PID: 29084, TID: 21980), JavaEnvironment.cpp:302 (`anonymous-namespace'::detectFullVersion)]
	TRACE: Detect full version of {58B96B13-1F94-5431-BEB9-2952C3D7D747} Java installation
[2026/05/19 13:52:17.776, java.exe (PID: 29084, TID: 21980), JavaEnvironment.cpp:213 (`anonymous-namespace'::detectFullVersionFromMsi)]
	TRACE: detectFullVersionFromMsi({58B96B13-1F94-5431-BEB9-2952C3D7D747})
[2026/05/19 13:52:17.780, java.exe (PID: 29084, TID: 21980), JavaEnvironment.cpp:481 (`anonymous-namespace'::getInstalledJava)]
	TRACE: InstalledJava(21.0.8+12|21.0.8+12|JDK|64bit|C:\Program Files\Java\jdk-21|{58B96B13-1F94-5431-BEB9-2952C3D7D747}|-10|)
[2026/05/19 13:52:17.782, java.exe (PID: 29084, TID: 21980), JavaEnvironment.cpp:0 (JavaEnvironment::detect)]
	TRACE: Exiting JavaEnvironment::detect (entered at JavaEnvironment.cpp:502)
[2026/05/19 13:52:17.794, java.exe (PID: 29084, TID: 21980), Executor.cpp:706 (Executor2::startProcess)]
	TRACE: CreateProcess(C:\Program Files\Java\jdk-21\bin\java.exe, "C:\Program Files\Java\jdk-21\bin\java.exe" -Djavax.net.ssl.trustStoreType=WINDOWS-ROOT -classpath C:\tools\maven\boot\plexus-classworlds-2.7.0.jar -Dclassworlds.conf=C:\tools\maven\bin\m2.conf -Dmaven.home=C:\tools\maven -Dlibrary.jansi.path=C:\tools\maven\lib\jansi-native "-Dmaven.multiModuleProjectDirectory=D:\VVSS lab 5\parabank" org.codehaus.plexus.classworlds.launcher.Launcher -version) succeeded; PID=34140
[2026/05/19 13:52:18.026, java.exe (PID: 29084, TID: 21980), Executor.cpp:667 (Executor2::execAndWait)]
	TRACE: Process with PID=34140 terminated. Exit code=0
[2026/05/19 13:52:18.548, java.exe (PID: 23960, TID: 2320), JavaEnvironment.cpp:502 (JavaEnvironment::detect)]
	TRACE: Entering JavaEnvironment::detect
[2026/05/19 13:52:18.554, java.exe (PID: 23960, TID: 2320), JavaEnvironment.cpp:519 (JavaEnvironment::detect)]
	TRACE: Installed Java detected: version=1.8.0_461; arch=64; productCode={71124AE4-039E-4CA4-87B4-2F64180461F0}; type=0
[2026/05/19 13:52:18.564, java.exe (PID: 23960, TID: 2320), JavaEnvironment.cpp:519 (JavaEnvironment::detect)]
	TRACE: Installed Java detected: version=; arch=64; productCode={58B96B13-1F94-5431-BEB9-2952C3D7D747}; type=1
[2026/05/19 13:52:18.566, java.exe (PID: 23960, TID: 2320), JavaEnvironment.cpp:135 (`anonymous-namespace'::detectHomeDir)]
	TRACE: Find home dir of {58B96B13-1F94-5431-BEB9-2952C3D7D747} Java installation
[2026/05/19 13:52:18.566, java.exe (PID: 23960, TID: 2320), JavaEnvironment.cpp:302 (`anonymous-namespace'::detectFullVersion)]
	TRACE: Detect full version of {58B96B13-1F94-5431-BEB9-2952C3D7D747} Java installation
[2026/05/19 13:52:18.566, java.exe (PID: 23960, TID: 2320), JavaEnvironment.cpp:213 (`anonymous-namespace'::detectFullVersionFromMsi)]
	TRACE: detectFullVersionFromMsi({58B96B13-1F94-5431-BEB9-2952C3D7D747})
[2026/05/19 13:52:18.570, java.exe (PID: 23960, TID: 2320), JavaEnvironment.cpp:481 (`anonymous-namespace'::getInstalledJava)]
	TRACE: InstalledJava(21.0.8+12|21.0.8+12|JDK|64bit|C:\Program Files\Java\jdk-21|{58B96B13-1F94-5431-BEB9-2952C3D7D747}|-10|)
[2026/05/19 13:52:18.572, java.exe (PID: 23960, TID: 2320), JavaEnvironment.cpp:0 (JavaEnvironment::detect)]
	TRACE: Exiting JavaEnvironment::detect (entered at JavaEnvironment.cpp:502)
[2026/05/19 13:52:18.586, java.exe (PID: 23960, TID: 2320), Executor.cpp:706 (Executor2::startProcess)]
	TRACE: CreateProcess(C:\Program Files\Java\jdk-21\bin\java.exe, "C:\Program Files\Java\jdk-21\bin\java.exe" -Djavax.net.ssl.trustStoreType=WINDOWS-ROOT -classpath C:\tools\maven\boot\plexus-classworlds-2.7.0.jar -Dclassworlds.conf=C:\tools\maven\bin\m2.conf -Dmaven.home=C:\tools\maven -Dlibrary.jansi.path=C:\tools\maven\lib\jansi-native "-Dmaven.multiModuleProjectDirectory=D:\VVSS lab 5\parabank" org.codehaus.plexus.classworlds.launcher.Launcher org.codehaus.cargo:cargo-maven3-plugin:1.10.27:stop) succeeded; PID=25812
[2026/05/19 13:52:30.597, java.exe (PID: 23960, TID: 2320), Executor.cpp:667 (Executor2::execAndWait)]
	TRACE: Process with PID=25812 terminated. Exit code=0
[2026/05/19 13:52:31.090, java.exe (PID: 26632, TID: 3632), JavaEnvironment.cpp:502 (JavaEnvironment::detect)]
	TRACE: Entering JavaEnvironment::detect
[2026/05/19 13:52:31.095, java.exe (PID: 26632, TID: 3632), JavaEnvironment.cpp:519 (JavaEnvironment::detect)]
	TRACE: Installed Java detected: version=1.8.0_461; arch=64; productCode={71124AE4-039E-4CA4-87B4-2F64180461F0}; type=0
[2026/05/19 13:52:31.108, java.exe (PID: 26632, TID: 3632), JavaEnvironment.cpp:519 (JavaEnvironment::detect)]
	TRACE: Installed Java detected: version=; arch=64; productCode={58B96B13-1F94-5431-BEB9-2952C3D7D747}; type=1
[2026/05/19 13:52:31.108, java.exe (PID: 26632, TID: 3632), JavaEnvironment.cpp:135 (`anonymous-namespace'::detectHomeDir)]
	TRACE: Find home dir of {58B96B13-1F94-5431-BEB9-2952C3D7D747} Java installation
[2026/05/19 13:52:31.108, java.exe (PID: 26632, TID: 3632), JavaEnvironment.cpp:302 (`anonymous-namespace'::detectFullVersion)]
	TRACE: Detect full version of {58B96B13-1F94-5431-BEB9-2952C3D7D747} Java installation
[2026/05/19 13:52:31.108, java.exe (PID: 26632, TID: 3632), JavaEnvironment.cpp:213 (`anonymous-namespace'::detectFullVersionFromMsi)]
	TRACE: detectFullVersionFromMsi({58B96B13-1F94-5431-BEB9-2952C3D7D747})
[2026/05/19 13:52:31.112, java.exe (PID: 26632, TID: 3632), JavaEnvironment.cpp:481 (`anonymous-namespace'::getInstalledJava)]
	TRACE: InstalledJava(21.0.8+12|21.0.8+12|JDK|64bit|C:\Program Files\Java\jdk-21|{58B96B13-1F94-5431-BEB9-2952C3D7D747}|-10|)
[2026/05/19 13:52:31.115, java.exe (PID: 26632, TID: 3632), JavaEnvironment.cpp:0 (JavaEnvironment::detect)]
	TRACE: Exiting JavaEnvironment::detect (entered at JavaEnvironment.cpp:502)
[2026/05/19 13:52:31.130, java.exe (PID: 26632, TID: 3632), Executor.cpp:706 (Executor2::startProcess)]
	TRACE: CreateProcess(C:\Program Files\Java\jdk-21\bin\java.exe, "C:\Program Files\Java\jdk-21\bin\java.exe" -Djavax.net.ssl.trustStoreType=WINDOWS-ROOT -classpath C:\tools\maven\boot\plexus-classworlds-2.7.0.jar -Dclassworlds.conf=C:\tools\maven\bin\m2.conf -Dmaven.home=C:\tools\maven -Dlibrary.jansi.path=C:\tools\maven\lib\jansi-native "-Dmaven.multiModuleProjectDirectory=D:\VVSS lab 5\parabank" org.codehaus.plexus.classworlds.launcher.Launcher -DskipTests package org.codehaus.cargo:cargo-maven3-plugin:1.10.27:start) succeeded; PID=23944
[2026/05/19 13:53:12.137, java.exe (PID: 26632, TID: 3632), Executor.cpp:667 (Executor2::execAndWait)]
	TRACE: Process with PID=23944 terminated. Exit code=0
[2026/05/19 13:53:36.819, java.exe (PID: 14044, TID: 31456), JavaEnvironment.cpp:502 (JavaEnvironment::detect)]
	TRACE: Entering JavaEnvironment::detect
[2026/05/19 13:53:36.825, java.exe (PID: 14044, TID: 31456), JavaEnvironment.cpp:519 (JavaEnvironment::detect)]
	TRACE: Installed Java detected: version=1.8.0_461; arch=64; productCode={71124AE4-039E-4CA4-87B4-2F64180461F0}; type=0
[2026/05/19 13:53:36.838, java.exe (PID: 14044, TID: 31456), JavaEnvironment.cpp:519 (JavaEnvironment::detect)]
	TRACE: Installed Java detected: version=; arch=64; productCode={58B96B13-1F94-5431-BEB9-2952C3D7D747}; type=1
[2026/05/19 13:53:36.839, java.exe (PID: 14044, TID: 31456), JavaEnvironment.cpp:135 (`anonymous-namespace'::detectHomeDir)]
	TRACE: Find home dir of {58B96B13-1F94-5431-BEB9-2952C3D7D747} Java installation
[2026/05/19 13:53:36.840, java.exe (PID: 14044, TID: 31456), JavaEnvironment.cpp:302 (`anonymous-namespace'::detectFullVersion)]
	TRACE: Detect full version of {58B96B13-1F94-5431-BEB9-2952C3D7D747} Java installation
[2026/05/19 13:53:36.840, java.exe (PID: 14044, TID: 31456), JavaEnvironment.cpp:213 (`anonymous-namespace'::detectFullVersionFromMsi)]
	TRACE: detectFullVersionFromMsi({58B96B13-1F94-5431-BEB9-2952C3D7D747})
[2026/05/19 13:53:36.844, java.exe (PID: 14044, TID: 31456), JavaEnvironment.cpp:481 (`anonymous-namespace'::getInstalledJava)]
	TRACE: InstalledJava(21.0.8+12|21.0.8+12|JDK|64bit|C:\Program Files\Java\jdk-21|{58B96B13-1F94-5431-BEB9-2952C3D7D747}|-10|)
[2026/05/19 13:53:36.847, java.exe (PID: 14044, TID: 31456), JavaEnvironment.cpp:0 (JavaEnvironment::detect)]
	TRACE: Exiting JavaEnvironment::detect (entered at JavaEnvironment.cpp:502)
[2026/05/19 13:53:36.862, java.exe (PID: 14044, TID: 31456), Executor.cpp:706 (Executor2::startProcess)]
	TRACE: CreateProcess(C:\Program Files\Java\jdk-21\bin\java.exe, "C:\Program Files\Java\jdk-21\bin\java.exe" -Djavax.net.ssl.trustStoreType=WINDOWS-ROOT -classpath C:\tools\maven\boot\plexus-classworlds-2.7.0.jar -Dclassworlds.conf=C:\tools\maven\bin\m2.conf -Dmaven.home=C:\tools\maven -Dlibrary.jansi.path=C:\tools\maven\lib\jansi-native "-Dmaven.multiModuleProjectDirectory=D:\VVSS lab 5\parabank" org.codehaus.plexus.classworlds.launcher.Launcher org.codehaus.cargo:cargo-maven3-plugin:1.10.27:stop) succeeded; PID=19704
[2026/05/19 13:53:48.778, java.exe (PID: 14044, TID: 31456), Executor.cpp:667 (Executor2::execAndWait)]
	TRACE: Process with PID=19704 terminated. Exit code=0
[2026/05/19 13:54:49.233, java.exe (PID: 28304, TID: 1184), JavaEnvironment.cpp:502 (JavaEnvironment::detect)]
	TRACE: Entering JavaEnvironment::detect
[2026/05/19 13:54:49.239, java.exe (PID: 28304, TID: 1184), JavaEnvironment.cpp:519 (JavaEnvironment::detect)]
	TRACE: Installed Java detected: version=1.8.0_461; arch=64; productCode={71124AE4-039E-4CA4-87B4-2F64180461F0}; type=0
[2026/05/19 13:54:49.253, java.exe (PID: 28304, TID: 1184), JavaEnvironment.cpp:519 (JavaEnvironment::detect)]
	TRACE: Installed Java detected: version=; arch=64; productCode={58B96B13-1F94-5431-BEB9-2952C3D7D747}; type=1
[2026/05/19 13:54:49.253, java.exe (PID: 28304, TID: 1184), JavaEnvironment.cpp:135 (`anonymous-namespace'::detectHomeDir)]
	TRACE: Find home dir of {58B96B13-1F94-5431-BEB9-2952C3D7D747} Java installation
[2026/05/19 13:54:49.253, java.exe (PID: 28304, TID: 1184), JavaEnvironment.cpp:302 (`anonymous-namespace'::detectFullVersion)]
	TRACE: Detect full version of {58B96B13-1F94-5431-BEB9-2952C3D7D747} Java installation
[2026/05/19 13:54:49.253, java.exe (PID: 28304, TID: 1184), JavaEnvironment.cpp:213 (`anonymous-namespace'::detectFullVersionFromMsi)]
	TRACE: detectFullVersionFromMsi({58B96B13-1F94-5431-BEB9-2952C3D7D747})
[2026/05/19 13:54:49.258, java.exe (PID: 28304, TID: 1184), JavaEnvironment.cpp:481 (`anonymous-namespace'::getInstalledJava)]
	TRACE: InstalledJava(21.0.8+12|21.0.8+12|JDK|64bit|C:\Program Files\Java\jdk-21|{58B96B13-1F94-5431-BEB9-2952C3D7D747}|-10|)
[2026/05/19 13:54:49.262, java.exe (PID: 28304, TID: 1184), JavaEnvironment.cpp:0 (JavaEnvironment::detect)]
	TRACE: Exiting JavaEnvironment::detect (entered at JavaEnvironment.cpp:502)
[2026/05/19 13:54:49.278, java.exe (PID: 28304, TID: 1184), Executor.cpp:706 (Executor2::startProcess)]
	TRACE: CreateProcess(C:\Program Files\Java\jdk-21\bin\java.exe, "C:\Program Files\Java\jdk-21\bin\java.exe" -version) succeeded; PID=23960
[2026/05/19 13:54:49.368, java.exe (PID: 28304, TID: 1184), Executor.cpp:667 (Executor2::execAndWait)]
	TRACE: Process with PID=23960 terminated. Exit code=0
[2026/05/19 13:54:49.555, java.exe (PID: 33592, TID: 18284), JavaEnvironment.cpp:502 (JavaEnvironment::detect)]
	TRACE: Entering JavaEnvironment::detect
[2026/05/19 13:54:49.560, java.exe (PID: 33592, TID: 18284), JavaEnvironment.cpp:519 (JavaEnvironment::detect)]
	TRACE: Installed Java detected: version=1.8.0_461; arch=64; productCode={71124AE4-039E-4CA4-87B4-2F64180461F0}; type=0
[2026/05/19 13:54:49.573, java.exe (PID: 33592, TID: 18284), JavaEnvironment.cpp:519 (JavaEnvironment::detect)]
	TRACE: Installed Java detected: version=; arch=64; productCode={58B96B13-1F94-5431-BEB9-2952C3D7D747}; type=1
[2026/05/19 13:54:49.573, java.exe (PID: 33592, TID: 18284), JavaEnvironment.cpp:135 (`anonymous-namespace'::detectHomeDir)]
	TRACE: Find home dir of {58B96B13-1F94-5431-BEB9-2952C3D7D747} Java installation
[2026/05/19 13:54:49.573, java.exe (PID: 33592, TID: 18284), JavaEnvironment.cpp:302 (`anonymous-namespace'::detectFullVersion)]
	TRACE: Detect full version of {58B96B13-1F94-5431-BEB9-2952C3D7D747} Java installation
[2026/05/19 13:54:49.574, java.exe (PID: 33592, TID: 18284), JavaEnvironment.cpp:213 (`anonymous-namespace'::detectFullVersionFromMsi)]
	TRACE: detectFullVersionFromMsi({58B96B13-1F94-5431-BEB9-2952C3D7D747})
[2026/05/19 13:54:49.578, java.exe (PID: 33592, TID: 18284), JavaEnvironment.cpp:481 (`anonymous-namespace'::getInstalledJava)]
	TRACE: InstalledJava(21.0.8+12|21.0.8+12|JDK|64bit|C:\Program Files\Java\jdk-21|{58B96B13-1F94-5431-BEB9-2952C3D7D747}|-10|)
[2026/05/19 13:54:49.581, java.exe (PID: 33592, TID: 18284), JavaEnvironment.cpp:0 (JavaEnvironment::detect)]
	TRACE: Exiting JavaEnvironment::detect (entered at JavaEnvironment.cpp:502)
[2026/05/19 13:54:49.597, java.exe (PID: 33592, TID: 18284), Executor.cpp:706 (Executor2::startProcess)]
	TRACE: CreateProcess(C:\Program Files\Java\jdk-21\bin\java.exe, "C:\Program Files\Java\jdk-21\bin\java.exe" -Djavax.net.ssl.trustStoreType=WINDOWS-ROOT -classpath C:\tools\maven\boot\plexus-classworlds-2.7.0.jar -Dclassworlds.conf=C:\tools\maven\bin\m2.conf -Dmaven.home=C:\tools\maven -Dlibrary.jansi.path=C:\tools\maven\lib\jansi-native "-Dmaven.multiModuleProjectDirectory=D:\VVSS lab 5\parabank" org.codehaus.plexus.classworlds.launcher.Launcher -version) succeeded; PID=9788
[2026/05/19 13:54:49.838, java.exe (PID: 33592, TID: 18284), Executor.cpp:667 (Executor2::execAndWait)]
	TRACE: Process with PID=9788 terminated. Exit code=0
[2026/05/19 13:54:50.340, java.exe (PID: 33664, TID: 20876), JavaEnvironment.cpp:502 (JavaEnvironment::detect)]
	TRACE: Entering JavaEnvironment::detect
[2026/05/19 13:54:50.346, java.exe (PID: 33664, TID: 20876), JavaEnvironment.cpp:519 (JavaEnvironment::detect)]
	TRACE: Installed Java detected: version=1.8.0_461; arch=64; productCode={71124AE4-039E-4CA4-87B4-2F64180461F0}; type=0
[2026/05/19 13:54:50.359, java.exe (PID: 33664, TID: 20876), JavaEnvironment.cpp:519 (JavaEnvironment::detect)]
	TRACE: Installed Java detected: version=; arch=64; productCode={58B96B13-1F94-5431-BEB9-2952C3D7D747}; type=1
[2026/05/19 13:54:50.359, java.exe (PID: 33664, TID: 20876), JavaEnvironment.cpp:135 (`anonymous-namespace'::detectHomeDir)]
	TRACE: Find home dir of {58B96B13-1F94-5431-BEB9-2952C3D7D747} Java installation
[2026/05/19 13:54:50.359, java.exe (PID: 33664, TID: 20876), JavaEnvironment.cpp:302 (`anonymous-namespace'::detectFullVersion)]
	TRACE: Detect full version of {58B96B13-1F94-5431-BEB9-2952C3D7D747} Java installation
[2026/05/19 13:54:50.361, java.exe (PID: 33664, TID: 20876), JavaEnvironment.cpp:213 (`anonymous-namespace'::detectFullVersionFromMsi)]
	TRACE: detectFullVersionFromMsi({58B96B13-1F94-5431-BEB9-2952C3D7D747})
[2026/05/19 13:54:50.365, java.exe (PID: 33664, TID: 20876), JavaEnvironment.cpp:481 (`anonymous-namespace'::getInstalledJava)]
	TRACE: InstalledJava(21.0.8+12|21.0.8+12|JDK|64bit|C:\Program Files\Java\jdk-21|{58B96B13-1F94-5431-BEB9-2952C3D7D747}|-10|)
[2026/05/19 13:54:50.368, java.exe (PID: 33664, TID: 20876), JavaEnvironment.cpp:0 (JavaEnvironment::detect)]
	TRACE: Exiting JavaEnvironment::detect (entered at JavaEnvironment.cpp:502)
[2026/05/19 13:54:50.382, java.exe (PID: 33664, TID: 20876), Executor.cpp:706 (Executor2::startProcess)]
	TRACE: CreateProcess(C:\Program Files\Java\jdk-21\bin\java.exe, "C:\Program Files\Java\jdk-21\bin\java.exe" -Djavax.net.ssl.trustStoreType=WINDOWS-ROOT -classpath C:\tools\maven\boot\plexus-classworlds-2.7.0.jar -Dclassworlds.conf=C:\tools\maven\bin\m2.conf -Dmaven.home=C:\tools\maven -Dlibrary.jansi.path=C:\tools\maven\lib\jansi-native "-Dmaven.multiModuleProjectDirectory=D:\VVSS lab 5\parabank" org.codehaus.plexus.classworlds.launcher.Launcher org.codehaus.cargo:cargo-maven3-plugin:1.10.27:stop) succeeded; PID=21368
[2026/05/19 13:55:02.831, java.exe (PID: 33664, TID: 20876), Executor.cpp:667 (Executor2::execAndWait)]
	TRACE: Process with PID=21368 terminated. Exit code=0
[2026/05/19 13:55:03.402, java.exe (PID: 17552, TID: 30480), JavaEnvironment.cpp:502 (JavaEnvironment::detect)]
	TRACE: Entering JavaEnvironment::detect
[2026/05/19 13:55:03.408, java.exe (PID: 17552, TID: 30480), JavaEnvironment.cpp:519 (JavaEnvironment::detect)]
	TRACE: Installed Java detected: version=1.8.0_461; arch=64; productCode={71124AE4-039E-4CA4-87B4-2F64180461F0}; type=0
[2026/05/19 13:55:03.423, java.exe (PID: 17552, TID: 30480), JavaEnvironment.cpp:519 (JavaEnvironment::detect)]
	TRACE: Installed Java detected: version=; arch=64; productCode={58B96B13-1F94-5431-BEB9-2952C3D7D747}; type=1
[2026/05/19 13:55:03.423, java.exe (PID: 17552, TID: 30480), JavaEnvironment.cpp:135 (`anonymous-namespace'::detectHomeDir)]
	TRACE: Find home dir of {58B96B13-1F94-5431-BEB9-2952C3D7D747} Java installation
[2026/05/19 13:55:03.423, java.exe (PID: 17552, TID: 30480), JavaEnvironment.cpp:302 (`anonymous-namespace'::detectFullVersion)]
	TRACE: Detect full version of {58B96B13-1F94-5431-BEB9-2952C3D7D747} Java installation
[2026/05/19 13:55:03.424, java.exe (PID: 17552, TID: 30480), JavaEnvironment.cpp:213 (`anonymous-namespace'::detectFullVersionFromMsi)]
	TRACE: detectFullVersionFromMsi({58B96B13-1F94-5431-BEB9-2952C3D7D747})
[2026/05/19 13:55:03.429, java.exe (PID: 17552, TID: 30480), JavaEnvironment.cpp:481 (`anonymous-namespace'::getInstalledJava)]
	TRACE: InstalledJava(21.0.8+12|21.0.8+12|JDK|64bit|C:\Program Files\Java\jdk-21|{58B96B13-1F94-5431-BEB9-2952C3D7D747}|-10|)
[2026/05/19 13:55:03.432, java.exe (PID: 17552, TID: 30480), JavaEnvironment.cpp:0 (JavaEnvironment::detect)]
	TRACE: Exiting JavaEnvironment::detect (entered at JavaEnvironment.cpp:502)
[2026/05/19 13:55:03.447, java.exe (PID: 17552, TID: 30480), Executor.cpp:706 (Executor2::startProcess)]
	TRACE: CreateProcess(C:\Program Files\Java\jdk-21\bin\java.exe, "C:\Program Files\Java\jdk-21\bin\java.exe" -Djavax.net.ssl.trustStoreType=WINDOWS-ROOT -classpath C:\tools\maven\boot\plexus-classworlds-2.7.0.jar -Dclassworlds.conf=C:\tools\maven\bin\m2.conf -Dmaven.home=C:\tools\maven -Dlibrary.jansi.path=C:\tools\maven\lib\jansi-native "-Dmaven.multiModuleProjectDirectory=D:\VVSS lab 5\parabank" org.codehaus.plexus.classworlds.launcher.Launcher -DskipTests package org.codehaus.cargo:cargo-maven3-plugin:1.10.27:start) succeeded; PID=31216
[2026/05/19 13:55:47.831, java.exe (PID: 17552, TID: 30480), Executor.cpp:667 (Executor2::execAndWait)]
	TRACE: Process with PID=31216 terminated. Exit code=0
[2026/05/19 13:56:45.060, java.exe (PID: 32852, TID: 17308), JavaEnvironment.cpp:502 (JavaEnvironment::detect)]
	TRACE: Entering JavaEnvironment::detect
[2026/05/19 13:56:45.066, java.exe (PID: 32852, TID: 17308), JavaEnvironment.cpp:519 (JavaEnvironment::detect)]
	TRACE: Installed Java detected: version=1.8.0_461; arch=64; productCode={71124AE4-039E-4CA4-87B4-2F64180461F0}; type=0
[2026/05/19 13:56:45.084, java.exe (PID: 32852, TID: 17308), JavaEnvironment.cpp:519 (JavaEnvironment::detect)]
	TRACE: Installed Java detected: version=; arch=64; productCode={58B96B13-1F94-5431-BEB9-2952C3D7D747}; type=1
[2026/05/19 13:56:45.085, java.exe (PID: 32852, TID: 17308), JavaEnvironment.cpp:135 (`anonymous-namespace'::detectHomeDir)]
	TRACE: Find home dir of {58B96B13-1F94-5431-BEB9-2952C3D7D747} Java installation
[2026/05/19 13:56:45.085, java.exe (PID: 32852, TID: 17308), JavaEnvironment.cpp:302 (`anonymous-namespace'::detectFullVersion)]
	TRACE: Detect full version of {58B96B13-1F94-5431-BEB9-2952C3D7D747} Java installation
[2026/05/19 13:56:45.085, java.exe (PID: 32852, TID: 17308), JavaEnvironment.cpp:213 (`anonymous-namespace'::detectFullVersionFromMsi)]
	TRACE: detectFullVersionFromMsi({58B96B13-1F94-5431-BEB9-2952C3D7D747})
[2026/05/19 13:56:45.092, java.exe (PID: 32852, TID: 17308), JavaEnvironment.cpp:481 (`anonymous-namespace'::getInstalledJava)]
	TRACE: InstalledJava(21.0.8+12|21.0.8+12|JDK|64bit|C:\Program Files\Java\jdk-21|{58B96B13-1F94-5431-BEB9-2952C3D7D747}|-10|)
[2026/05/19 13:56:45.097, java.exe (PID: 32852, TID: 17308), JavaEnvironment.cpp:0 (JavaEnvironment::detect)]
	TRACE: Exiting JavaEnvironment::detect (entered at JavaEnvironment.cpp:502)
[2026/05/19 13:56:45.116, java.exe (PID: 32852, TID: 17308), Executor.cpp:706 (Executor2::startProcess)]
	TRACE: CreateProcess(C:\Program Files\Java\jdk-21\bin\java.exe, "C:\Program Files\Java\jdk-21\bin\java.exe" -Djavax.net.ssl.trustStoreType=WINDOWS-ROOT -classpath C:\tools\maven\boot\plexus-classworlds-2.7.0.jar -Dclassworlds.conf=C:\tools\maven\bin\m2.conf -Dmaven.home=C:\tools\maven -Dlibrary.jansi.path=C:\tools\maven\lib\jansi-native "-Dmaven.multiModuleProjectDirectory=D:\VVSS lab 5\parabank" org.codehaus.plexus.classworlds.launcher.Launcher org.codehaus.cargo:cargo-maven3-plugin:1.10.27:stop) succeeded; PID=2744
[2026/05/19 13:56:58.682, java.exe (PID: 32852, TID: 17308), Executor.cpp:667 (Executor2::execAndWait)]
	TRACE: Process with PID=2744 terminated. Exit code=0
[2026/05/19 13:59:46.468, java.exe (PID: 32732, TID: 25764), JavaEnvironment.cpp:502 (JavaEnvironment::detect)]
	TRACE: Entering JavaEnvironment::detect
[2026/05/19 13:59:46.475, java.exe (PID: 32732, TID: 25764), JavaEnvironment.cpp:519 (JavaEnvironment::detect)]
	TRACE: Installed Java detected: version=1.8.0_461; arch=64; productCode={71124AE4-039E-4CA4-87B4-2F64180461F0}; type=0
[2026/05/19 13:59:46.488, java.exe (PID: 32732, TID: 25764), JavaEnvironment.cpp:519 (JavaEnvironment::detect)]
	TRACE: Installed Java detected: version=; arch=64; productCode={58B96B13-1F94-5431-BEB9-2952C3D7D747}; type=1
[2026/05/19 13:59:46.488, java.exe (PID: 32732, TID: 25764), JavaEnvironment.cpp:135 (`anonymous-namespace'::detectHomeDir)]
	TRACE: Find home dir of {58B96B13-1F94-5431-BEB9-2952C3D7D747} Java installation
[2026/05/19 13:59:46.488, java.exe (PID: 32732, TID: 25764), JavaEnvironment.cpp:302 (`anonymous-namespace'::detectFullVersion)]
	TRACE: Detect full version of {58B96B13-1F94-5431-BEB9-2952C3D7D747} Java installation
[2026/05/19 13:59:46.489, java.exe (PID: 32732, TID: 25764), JavaEnvironment.cpp:213 (`anonymous-namespace'::detectFullVersionFromMsi)]
	TRACE: detectFullVersionFromMsi({58B96B13-1F94-5431-BEB9-2952C3D7D747})
[2026/05/19 13:59:46.493, java.exe (PID: 32732, TID: 25764), JavaEnvironment.cpp:481 (`anonymous-namespace'::getInstalledJava)]
	TRACE: InstalledJava(21.0.8+12|21.0.8+12|JDK|64bit|C:\Program Files\Java\jdk-21|{58B96B13-1F94-5431-BEB9-2952C3D7D747}|-10|)
[2026/05/19 13:59:46.496, java.exe (PID: 32732, TID: 25764), JavaEnvironment.cpp:0 (JavaEnvironment::detect)]
	TRACE: Exiting JavaEnvironment::detect (entered at JavaEnvironment.cpp:502)
[2026/05/19 13:59:46.513, java.exe (PID: 32732, TID: 25764), Executor.cpp:706 (Executor2::startProcess)]
	TRACE: CreateProcess(C:\Program Files\Java\jdk-21\bin\java.exe, "C:\Program Files\Java\jdk-21\bin\java.exe" -version) succeeded; PID=20004
[2026/05/19 13:59:46.590, java.exe (PID: 32732, TID: 25764), Executor.cpp:667 (Executor2::execAndWait)]
	TRACE: Process with PID=20004 terminated. Exit code=0
[2026/05/19 13:59:46.781, java.exe (PID: 33160, TID: 20540), JavaEnvironment.cpp:502 (JavaEnvironment::detect)]
	TRACE: Entering JavaEnvironment::detect
[2026/05/19 13:59:46.787, java.exe (PID: 33160, TID: 20540), JavaEnvironment.cpp:519 (JavaEnvironment::detect)]
	TRACE: Installed Java detected: version=1.8.0_461; arch=64; productCode={71124AE4-039E-4CA4-87B4-2F64180461F0}; type=0
[2026/05/19 13:59:46.799, java.exe (PID: 33160, TID: 20540), JavaEnvironment.cpp:519 (JavaEnvironment::detect)]
	TRACE: Installed Java detected: version=; arch=64; productCode={58B96B13-1F94-5431-BEB9-2952C3D7D747}; type=1
[2026/05/19 13:59:46.799, java.exe (PID: 33160, TID: 20540), JavaEnvironment.cpp:135 (`anonymous-namespace'::detectHomeDir)]
	TRACE: Find home dir of {58B96B13-1F94-5431-BEB9-2952C3D7D747} Java installation
[2026/05/19 13:59:46.801, java.exe (PID: 33160, TID: 20540), JavaEnvironment.cpp:302 (`anonymous-namespace'::detectFullVersion)]
	TRACE: Detect full version of {58B96B13-1F94-5431-BEB9-2952C3D7D747} Java installation
[2026/05/19 13:59:46.801, java.exe (PID: 33160, TID: 20540), JavaEnvironment.cpp:213 (`anonymous-namespace'::detectFullVersionFromMsi)]
	TRACE: detectFullVersionFromMsi({58B96B13-1F94-5431-BEB9-2952C3D7D747})
[2026/05/19 13:59:46.805, java.exe (PID: 33160, TID: 20540), JavaEnvironment.cpp:481 (`anonymous-namespace'::getInstalledJava)]
	TRACE: InstalledJava(21.0.8+12|21.0.8+12|JDK|64bit|C:\Program Files\Java\jdk-21|{58B96B13-1F94-5431-BEB9-2952C3D7D747}|-10|)
[2026/05/19 13:59:46.807, java.exe (PID: 33160, TID: 20540), JavaEnvironment.cpp:0 (JavaEnvironment::detect)]
	TRACE: Exiting JavaEnvironment::detect (entered at JavaEnvironment.cpp:502)
[2026/05/19 13:59:46.821, java.exe (PID: 33160, TID: 20540), Executor.cpp:706 (Executor2::startProcess)]
	TRACE: CreateProcess(C:\Program Files\Java\jdk-21\bin\java.exe, "C:\Program Files\Java\jdk-21\bin\java.exe" -Djavax.net.ssl.trustStoreType=WINDOWS-ROOT -classpath C:\tools\maven\boot\plexus-classworlds-2.7.0.jar -Dclassworlds.conf=C:\tools\maven\bin\m2.conf -Dmaven.home=C:\tools\maven -Dlibrary.jansi.path=C:\tools\maven\lib\jansi-native "-Dmaven.multiModuleProjectDirectory=D:\VVSS lab 5\parabank" org.codehaus.plexus.classworlds.launcher.Launcher -version) succeeded; PID=33404
[2026/05/19 13:59:47.090, java.exe (PID: 33160, TID: 20540), Executor.cpp:667 (Executor2::execAndWait)]
	TRACE: Process with PID=33404 terminated. Exit code=0
[2026/05/19 13:59:47.580, java.exe (PID: 12628, TID: 30076), JavaEnvironment.cpp:502 (JavaEnvironment::detect)]
	TRACE: Entering JavaEnvironment::detect
[2026/05/19 13:59:47.584, java.exe (PID: 12628, TID: 30076), JavaEnvironment.cpp:519 (JavaEnvironment::detect)]
	TRACE: Installed Java detected: version=1.8.0_461; arch=64; productCode={71124AE4-039E-4CA4-87B4-2F64180461F0}; type=0
[2026/05/19 13:59:47.596, java.exe (PID: 12628, TID: 30076), JavaEnvironment.cpp:519 (JavaEnvironment::detect)]
	TRACE: Installed Java detected: version=; arch=64; productCode={58B96B13-1F94-5431-BEB9-2952C3D7D747}; type=1
[2026/05/19 13:59:47.596, java.exe (PID: 12628, TID: 30076), JavaEnvironment.cpp:135 (`anonymous-namespace'::detectHomeDir)]
	TRACE: Find home dir of {58B96B13-1F94-5431-BEB9-2952C3D7D747} Java installation
[2026/05/19 13:59:47.598, java.exe (PID: 12628, TID: 30076), JavaEnvironment.cpp:302 (`anonymous-namespace'::detectFullVersion)]
	TRACE: Detect full version of {58B96B13-1F94-5431-BEB9-2952C3D7D747} Java installation
[2026/05/19 13:59:47.598, java.exe (PID: 12628, TID: 30076), JavaEnvironment.cpp:213 (`anonymous-namespace'::detectFullVersionFromMsi)]
	TRACE: detectFullVersionFromMsi({58B96B13-1F94-5431-BEB9-2952C3D7D747})
[2026/05/19 13:59:47.602, java.exe (PID: 12628, TID: 30076), JavaEnvironment.cpp:481 (`anonymous-namespace'::getInstalledJava)]
	TRACE: InstalledJava(21.0.8+12|21.0.8+12|JDK|64bit|C:\Program Files\Java\jdk-21|{58B96B13-1F94-5431-BEB9-2952C3D7D747}|-10|)
[2026/05/19 13:59:47.604, java.exe (PID: 12628, TID: 30076), JavaEnvironment.cpp:0 (JavaEnvironment::detect)]
	TRACE: Exiting JavaEnvironment::detect (entered at JavaEnvironment.cpp:502)
[2026/05/19 13:59:47.618, java.exe (PID: 12628, TID: 30076), Executor.cpp:706 (Executor2::startProcess)]
	TRACE: CreateProcess(C:\Program Files\Java\jdk-21\bin\java.exe, "C:\Program Files\Java\jdk-21\bin\java.exe" -Djavax.net.ssl.trustStoreType=WINDOWS-ROOT -classpath C:\tools\maven\boot\plexus-classworlds-2.7.0.jar -Dclassworlds.conf=C:\tools\maven\bin\m2.conf -Dmaven.home=C:\tools\maven -Dlibrary.jansi.path=C:\tools\maven\lib\jansi-native "-Dmaven.multiModuleProjectDirectory=D:\VVSS lab 5\parabank" org.codehaus.plexus.classworlds.launcher.Launcher org.codehaus.cargo:cargo-maven3-plugin:1.10.27:stop) succeeded; PID=32680
[2026/05/19 14:00:00.438, java.exe (PID: 12628, TID: 30076), Executor.cpp:667 (Executor2::execAndWait)]
	TRACE: Process with PID=32680 terminated. Exit code=0
[2026/05/19 14:00:01.069, java.exe (PID: 26276, TID: 304), JavaEnvironment.cpp:502 (JavaEnvironment::detect)]
	TRACE: Entering JavaEnvironment::detect
[2026/05/19 14:00:01.074, java.exe (PID: 26276, TID: 304), JavaEnvironment.cpp:519 (JavaEnvironment::detect)]
	TRACE: Installed Java detected: version=1.8.0_461; arch=64; productCode={71124AE4-039E-4CA4-87B4-2F64180461F0}; type=0
[2026/05/19 14:00:01.090, java.exe (PID: 26276, TID: 304), JavaEnvironment.cpp:519 (JavaEnvironment::detect)]
	TRACE: Installed Java detected: version=; arch=64; productCode={58B96B13-1F94-5431-BEB9-2952C3D7D747}; type=1
[2026/05/19 14:00:01.091, java.exe (PID: 26276, TID: 304), JavaEnvironment.cpp:135 (`anonymous-namespace'::detectHomeDir)]
	TRACE: Find home dir of {58B96B13-1F94-5431-BEB9-2952C3D7D747} Java installation
[2026/05/19 14:00:01.091, java.exe (PID: 26276, TID: 304), JavaEnvironment.cpp:302 (`anonymous-namespace'::detectFullVersion)]
	TRACE: Detect full version of {58B96B13-1F94-5431-BEB9-2952C3D7D747} Java installation
[2026/05/19 14:00:01.091, java.exe (PID: 26276, TID: 304), JavaEnvironment.cpp:213 (`anonymous-namespace'::detectFullVersionFromMsi)]
	TRACE: detectFullVersionFromMsi({58B96B13-1F94-5431-BEB9-2952C3D7D747})
[2026/05/19 14:00:01.097, java.exe (PID: 26276, TID: 304), JavaEnvironment.cpp:481 (`anonymous-namespace'::getInstalledJava)]
	TRACE: InstalledJava(21.0.8+12|21.0.8+12|JDK|64bit|C:\Program Files\Java\jdk-21|{58B96B13-1F94-5431-BEB9-2952C3D7D747}|-10|)
[2026/05/19 14:00:01.101, java.exe (PID: 26276, TID: 304), JavaEnvironment.cpp:0 (JavaEnvironment::detect)]
	TRACE: Exiting JavaEnvironment::detect (entered at JavaEnvironment.cpp:502)
[2026/05/19 14:00:01.121, java.exe (PID: 26276, TID: 304), Executor.cpp:706 (Executor2::startProcess)]
	TRACE: CreateProcess(C:\Program Files\Java\jdk-21\bin\java.exe, "C:\Program Files\Java\jdk-21\bin\java.exe" -Djavax.net.ssl.trustStoreType=WINDOWS-ROOT -classpath C:\tools\maven\boot\plexus-classworlds-2.7.0.jar -Dclassworlds.conf=C:\tools\maven\bin\m2.conf -Dmaven.home=C:\tools\maven -Dlibrary.jansi.path=C:\tools\maven\lib\jansi-native "-Dmaven.multiModuleProjectDirectory=D:\VVSS lab 5\parabank" org.codehaus.plexus.classworlds.launcher.Launcher -DskipTests package org.codehaus.cargo:cargo-maven3-plugin:1.10.27:start) succeeded; PID=31684
[2026/05/19 14:00:47.507, java.exe (PID: 26276, TID: 304), Executor.cpp:667 (Executor2::execAndWait)]
	TRACE: Process with PID=31684 terminated. Exit code=0
[2026/05/19 14:20:06.682, java.exe (PID: 31872, TID: 31468), JavaEnvironment.cpp:502 (JavaEnvironment::detect)]
	TRACE: Entering JavaEnvironment::detect
[2026/05/19 14:20:06.688, java.exe (PID: 31872, TID: 31468), JavaEnvironment.cpp:519 (JavaEnvironment::detect)]
	TRACE: Installed Java detected: version=1.8.0_461; arch=64; productCode={71124AE4-039E-4CA4-87B4-2F64180461F0}; type=0
[2026/05/19 14:20:06.702, java.exe (PID: 31872, TID: 31468), JavaEnvironment.cpp:519 (JavaEnvironment::detect)]
	TRACE: Installed Java detected: version=; arch=64; productCode={58B96B13-1F94-5431-BEB9-2952C3D7D747}; type=1
[2026/05/19 14:20:06.703, java.exe (PID: 31872, TID: 31468), JavaEnvironment.cpp:135 (`anonymous-namespace'::detectHomeDir)]
	TRACE: Find home dir of {58B96B13-1F94-5431-BEB9-2952C3D7D747} Java installation
[2026/05/19 14:20:06.703, java.exe (PID: 31872, TID: 31468), JavaEnvironment.cpp:302 (`anonymous-namespace'::detectFullVersion)]
	TRACE: Detect full version of {58B96B13-1F94-5431-BEB9-2952C3D7D747} Java installation
[2026/05/19 14:20:06.703, java.exe (PID: 31872, TID: 31468), JavaEnvironment.cpp:213 (`anonymous-namespace'::detectFullVersionFromMsi)]
	TRACE: detectFullVersionFromMsi({58B96B13-1F94-5431-BEB9-2952C3D7D747})
[2026/05/19 14:20:06.708, java.exe (PID: 31872, TID: 31468), JavaEnvironment.cpp:481 (`anonymous-namespace'::getInstalledJava)]
	TRACE: InstalledJava(21.0.8+12|21.0.8+12|JDK|64bit|C:\Program Files\Java\jdk-21|{58B96B13-1F94-5431-BEB9-2952C3D7D747}|-10|)
[2026/05/19 14:20:06.712, java.exe (PID: 31872, TID: 31468), JavaEnvironment.cpp:0 (JavaEnvironment::detect)]
	TRACE: Exiting JavaEnvironment::detect (entered at JavaEnvironment.cpp:502)
[2026/05/19 14:20:06.727, java.exe (PID: 31872, TID: 31468), Executor.cpp:706 (Executor2::startProcess)]
	TRACE: CreateProcess(C:\Program Files\Java\jdk-21\bin\java.exe, "C:\Program Files\Java\jdk-21\bin\java.exe" -Djavax.net.ssl.trustStoreType=WINDOWS-ROOT -classpath C:\tools\maven\boot\plexus-classworlds-2.7.0.jar -Dclassworlds.conf=C:\tools\maven\bin\m2.conf -Dmaven.home=C:\tools\maven -Dlibrary.jansi.path=C:\tools\maven\lib\jansi-native "-Dmaven.multiModuleProjectDirectory=D:\VVSS lab 5\parabank" org.codehaus.plexus.classworlds.launcher.Launcher org.codehaus.cargo:cargo-maven3-plugin:1.10.27:stop) succeeded; PID=33604
[2026/05/19 14:20:19.023, java.exe (PID: 31872, TID: 31468), Executor.cpp:667 (Executor2::execAndWait)]
	TRACE: Process with PID=33604 terminated. Exit code=0
[2026/05/19 14:31:23.349, java.exe (PID: 33808, TID: 9976), JavaEnvironment.cpp:502 (JavaEnvironment::detect)]
	TRACE: Entering JavaEnvironment::detect
[2026/05/19 14:31:23.354, java.exe (PID: 33808, TID: 9976), JavaEnvironment.cpp:519 (JavaEnvironment::detect)]
	TRACE: Installed Java detected: version=1.8.0_461; arch=64; productCode={71124AE4-039E-4CA4-87B4-2F64180461F0}; type=0
[2026/05/19 14:31:23.367, java.exe (PID: 33808, TID: 9976), JavaEnvironment.cpp:519 (JavaEnvironment::detect)]
	TRACE: Installed Java detected: version=; arch=64; productCode={58B96B13-1F94-5431-BEB9-2952C3D7D747}; type=1
[2026/05/19 14:31:23.367, java.exe (PID: 33808, TID: 9976), JavaEnvironment.cpp:135 (`anonymous-namespace'::detectHomeDir)]
	TRACE: Find home dir of {58B96B13-1F94-5431-BEB9-2952C3D7D747} Java installation
[2026/05/19 14:31:23.368, java.exe (PID: 33808, TID: 9976), JavaEnvironment.cpp:302 (`anonymous-namespace'::detectFullVersion)]
	TRACE: Detect full version of {58B96B13-1F94-5431-BEB9-2952C3D7D747} Java installation
[2026/05/19 14:31:23.368, java.exe (PID: 33808, TID: 9976), JavaEnvironment.cpp:213 (`anonymous-namespace'::detectFullVersionFromMsi)]
	TRACE: detectFullVersionFromMsi({58B96B13-1F94-5431-BEB9-2952C3D7D747})
[2026/05/19 14:31:23.372, java.exe (PID: 33808, TID: 9976), JavaEnvironment.cpp:481 (`anonymous-namespace'::getInstalledJava)]
	TRACE: InstalledJava(21.0.8+12|21.0.8+12|JDK|64bit|C:\Program Files\Java\jdk-21|{58B96B13-1F94-5431-BEB9-2952C3D7D747}|-10|)
[2026/05/19 14:31:23.375, java.exe (PID: 33808, TID: 9976), JavaEnvironment.cpp:0 (JavaEnvironment::detect)]
	TRACE: Exiting JavaEnvironment::detect (entered at JavaEnvironment.cpp:502)
[2026/05/19 14:31:23.388, java.exe (PID: 33808, TID: 9976), Executor.cpp:706 (Executor2::startProcess)]
	TRACE: CreateProcess(C:\Program Files\Java\jdk-21\bin\java.exe, "C:\Program Files\Java\jdk-21\bin\java.exe" -version) succeeded; PID=28940
[2026/05/19 14:31:23.462, java.exe (PID: 33808, TID: 9976), Executor.cpp:667 (Executor2::execAndWait)]
	TRACE: Process with PID=28940 terminated. Exit code=0
[2026/05/19 14:31:23.677, java.exe (PID: 3064, TID: 26228), JavaEnvironment.cpp:502 (JavaEnvironment::detect)]
	TRACE: Entering JavaEnvironment::detect
[2026/05/19 14:31:23.681, java.exe (PID: 3064, TID: 26228), JavaEnvironment.cpp:519 (JavaEnvironment::detect)]
	TRACE: Installed Java detected: version=1.8.0_461; arch=64; productCode={71124AE4-039E-4CA4-87B4-2F64180461F0}; type=0
[2026/05/19 14:31:23.693, java.exe (PID: 3064, TID: 26228), JavaEnvironment.cpp:519 (JavaEnvironment::detect)]
	TRACE: Installed Java detected: version=; arch=64; productCode={58B96B13-1F94-5431-BEB9-2952C3D7D747}; type=1
[2026/05/19 14:31:23.693, java.exe (PID: 3064, TID: 26228), JavaEnvironment.cpp:135 (`anonymous-namespace'::detectHomeDir)]
	TRACE: Find home dir of {58B96B13-1F94-5431-BEB9-2952C3D7D747} Java installation
[2026/05/19 14:31:23.693, java.exe (PID: 3064, TID: 26228), JavaEnvironment.cpp:302 (`anonymous-namespace'::detectFullVersion)]
	TRACE: Detect full version of {58B96B13-1F94-5431-BEB9-2952C3D7D747} Java installation
[2026/05/19 14:31:23.693, java.exe (PID: 3064, TID: 26228), JavaEnvironment.cpp:213 (`anonymous-namespace'::detectFullVersionFromMsi)]
	TRACE: detectFullVersionFromMsi({58B96B13-1F94-5431-BEB9-2952C3D7D747})
[2026/05/19 14:31:23.697, java.exe (PID: 3064, TID: 26228), JavaEnvironment.cpp:481 (`anonymous-namespace'::getInstalledJava)]
	TRACE: InstalledJava(21.0.8+12|21.0.8+12|JDK|64bit|C:\Program Files\Java\jdk-21|{58B96B13-1F94-5431-BEB9-2952C3D7D747}|-10|)
[2026/05/19 14:31:23.699, java.exe (PID: 3064, TID: 26228), JavaEnvironment.cpp:0 (JavaEnvironment::detect)]
	TRACE: Exiting JavaEnvironment::detect (entered at JavaEnvironment.cpp:502)
[2026/05/19 14:31:23.713, java.exe (PID: 3064, TID: 26228), Executor.cpp:706 (Executor2::startProcess)]
	TRACE: CreateProcess(C:\Program Files\Java\jdk-21\bin\java.exe, "C:\Program Files\Java\jdk-21\bin\java.exe" -Djavax.net.ssl.trustStoreType=WINDOWS-ROOT -classpath C:\tools\maven\boot\plexus-classworlds-2.7.0.jar -Dclassworlds.conf=C:\tools\maven\bin\m2.conf -Dmaven.home=C:\tools\maven -Dlibrary.jansi.path=C:\tools\maven\lib\jansi-native "-Dmaven.multiModuleProjectDirectory=D:\VVSS lab 5\.jenkins\workspace\vvsslab5" org.codehaus.plexus.classworlds.launcher.Launcher -version) succeeded; PID=25920
[2026/05/19 14:31:23.919, java.exe (PID: 3064, TID: 26228), Executor.cpp:667 (Executor2::execAndWait)]
	TRACE: Process with PID=25920 terminated. Exit code=0
[2026/05/19 14:31:24.337, java.exe (PID: 31472, TID: 8556), JavaEnvironment.cpp:502 (JavaEnvironment::detect)]
	TRACE: Entering JavaEnvironment::detect
[2026/05/19 14:31:24.341, java.exe (PID: 31472, TID: 8556), JavaEnvironment.cpp:519 (JavaEnvironment::detect)]
	TRACE: Installed Java detected: version=1.8.0_461; arch=64; productCode={71124AE4-039E-4CA4-87B4-2F64180461F0}; type=0
[2026/05/19 14:31:24.353, java.exe (PID: 31472, TID: 8556), JavaEnvironment.cpp:519 (JavaEnvironment::detect)]
	TRACE: Installed Java detected: version=; arch=64; productCode={58B96B13-1F94-5431-BEB9-2952C3D7D747}; type=1
[2026/05/19 14:31:24.353, java.exe (PID: 31472, TID: 8556), JavaEnvironment.cpp:135 (`anonymous-namespace'::detectHomeDir)]
	TRACE: Find home dir of {58B96B13-1F94-5431-BEB9-2952C3D7D747} Java installation
[2026/05/19 14:31:24.355, java.exe (PID: 31472, TID: 8556), JavaEnvironment.cpp:302 (`anonymous-namespace'::detectFullVersion)]
	TRACE: Detect full version of {58B96B13-1F94-5431-BEB9-2952C3D7D747} Java installation
[2026/05/19 14:31:24.355, java.exe (PID: 31472, TID: 8556), JavaEnvironment.cpp:213 (`anonymous-namespace'::detectFullVersionFromMsi)]
	TRACE: detectFullVersionFromMsi({58B96B13-1F94-5431-BEB9-2952C3D7D747})
[2026/05/19 14:31:24.359, java.exe (PID: 31472, TID: 8556), JavaEnvironment.cpp:481 (`anonymous-namespace'::getInstalledJava)]
	TRACE: InstalledJava(21.0.8+12|21.0.8+12|JDK|64bit|C:\Program Files\Java\jdk-21|{58B96B13-1F94-5431-BEB9-2952C3D7D747}|-10|)
[2026/05/19 14:31:24.361, java.exe (PID: 31472, TID: 8556), JavaEnvironment.cpp:0 (JavaEnvironment::detect)]
	TRACE: Exiting JavaEnvironment::detect (entered at JavaEnvironment.cpp:502)
[2026/05/19 14:31:24.373, java.exe (PID: 31472, TID: 8556), Executor.cpp:706 (Executor2::startProcess)]
	TRACE: CreateProcess(C:\Program Files\Java\jdk-21\bin\java.exe, "C:\Program Files\Java\jdk-21\bin\java.exe" -Djavax.net.ssl.trustStoreType=WINDOWS-ROOT -classpath C:\tools\maven\boot\plexus-classworlds-2.7.0.jar -Dclassworlds.conf=C:\tools\maven\bin\m2.conf -Dmaven.home=C:\tools\maven -Dlibrary.jansi.path=C:\tools\maven\lib\jansi-native "-Dmaven.multiModuleProjectDirectory=D:\VVSS lab 5\parabank" org.codehaus.plexus.classworlds.launcher.Launcher -DskipTests package org.codehaus.cargo:cargo-maven3-plugin:1.10.27:start) succeeded; PID=21308
[2026/05/19 14:32:06.346, java.exe (PID: 31472, TID: 8556), Executor.cpp:667 (Executor2::execAndWait)]
	TRACE: Process with PID=21308 terminated. Exit code=0
[2026/05/19 14:32:19.613, java.exe (PID: 10480, TID: 33676), JavaEnvironment.cpp:502 (JavaEnvironment::detect)]
	TRACE: Entering JavaEnvironment::detect
[2026/05/19 14:32:19.617, java.exe (PID: 10480, TID: 33676), JavaEnvironment.cpp:519 (JavaEnvironment::detect)]
	TRACE: Installed Java detected: version=1.8.0_461; arch=64; productCode={71124AE4-039E-4CA4-87B4-2F64180461F0}; type=0
[2026/05/19 14:32:19.629, java.exe (PID: 10480, TID: 33676), JavaEnvironment.cpp:519 (JavaEnvironment::detect)]
	TRACE: Installed Java detected: version=; arch=64; productCode={58B96B13-1F94-5431-BEB9-2952C3D7D747}; type=1
[2026/05/19 14:32:19.630, java.exe (PID: 10480, TID: 33676), JavaEnvironment.cpp:135 (`anonymous-namespace'::detectHomeDir)]
	TRACE: Find home dir of {58B96B13-1F94-5431-BEB9-2952C3D7D747} Java installation
[2026/05/19 14:32:19.630, java.exe (PID: 10480, TID: 33676), JavaEnvironment.cpp:302 (`anonymous-namespace'::detectFullVersion)]
	TRACE: Detect full version of {58B96B13-1F94-5431-BEB9-2952C3D7D747} Java installation
[2026/05/19 14:32:19.630, java.exe (PID: 10480, TID: 33676), JavaEnvironment.cpp:213 (`anonymous-namespace'::detectFullVersionFromMsi)]
	TRACE: detectFullVersionFromMsi({58B96B13-1F94-5431-BEB9-2952C3D7D747})
[2026/05/19 14:32:19.635, java.exe (PID: 10480, TID: 33676), JavaEnvironment.cpp:481 (`anonymous-namespace'::getInstalledJava)]
	TRACE: InstalledJava(21.0.8+12|21.0.8+12|JDK|64bit|C:\Program Files\Java\jdk-21|{58B96B13-1F94-5431-BEB9-2952C3D7D747}|-10|)
[2026/05/19 14:32:19.637, java.exe (PID: 10480, TID: 33676), JavaEnvironment.cpp:0 (JavaEnvironment::detect)]
	TRACE: Exiting JavaEnvironment::detect (entered at JavaEnvironment.cpp:502)
[2026/05/19 14:32:19.652, java.exe (PID: 10480, TID: 33676), Executor.cpp:706 (Executor2::startProcess)]
	TRACE: CreateProcess(C:\Program Files\Java\jdk-21\bin\java.exe, "C:\Program Files\Java\jdk-21\bin\java.exe" -Djavax.net.ssl.trustStoreType=WINDOWS-ROOT -classpath C:\tools\maven\boot\plexus-classworlds-2.7.0.jar -Dclassworlds.conf=C:\tools\maven\bin\m2.conf -Dmaven.home=C:\tools\maven -Dlibrary.jansi.path=C:\tools\maven\lib\jansi-native "-Dmaven.multiModuleProjectDirectory=D:\VVSS lab 5\parabank" org.codehaus.plexus.classworlds.launcher.Launcher test -Dtest=LoginBlackBoxTest,ScenarioBasedTest) succeeded; PID=1192
[2026/05/19 14:33:33.338, java.exe (PID: 10480, TID: 33676), Executor.cpp:667 (Executor2::execAndWait)]
	TRACE: Process with PID=1192 terminated. Exit code=1
[2026/05/19 14:33:34.127, java.exe (PID: 32288, TID: 18612), JavaEnvironment.cpp:502 (JavaEnvironment::detect)]
	TRACE: Entering JavaEnvironment::detect
[2026/05/19 14:33:34.132, java.exe (PID: 32288, TID: 18612), JavaEnvironment.cpp:519 (JavaEnvironment::detect)]
	TRACE: Installed Java detected: version=1.8.0_461; arch=64; productCode={71124AE4-039E-4CA4-87B4-2F64180461F0}; type=0
[2026/05/19 14:33:34.145, java.exe (PID: 32288, TID: 18612), JavaEnvironment.cpp:519 (JavaEnvironment::detect)]
	TRACE: Installed Java detected: version=; arch=64; productCode={58B96B13-1F94-5431-BEB9-2952C3D7D747}; type=1
[2026/05/19 14:33:34.145, java.exe (PID: 32288, TID: 18612), JavaEnvironment.cpp:135 (`anonymous-namespace'::detectHomeDir)]
	TRACE: Find home dir of {58B96B13-1F94-5431-BEB9-2952C3D7D747} Java installation
[2026/05/19 14:33:34.145, java.exe (PID: 32288, TID: 18612), JavaEnvironment.cpp:302 (`anonymous-namespace'::detectFullVersion)]
	TRACE: Detect full version of {58B96B13-1F94-5431-BEB9-2952C3D7D747} Java installation
[2026/05/19 14:33:34.145, java.exe (PID: 32288, TID: 18612), JavaEnvironment.cpp:213 (`anonymous-namespace'::detectFullVersionFromMsi)]
	TRACE: detectFullVersionFromMsi({58B96B13-1F94-5431-BEB9-2952C3D7D747})
[2026/05/19 14:33:34.150, java.exe (PID: 32288, TID: 18612), JavaEnvironment.cpp:481 (`anonymous-namespace'::getInstalledJava)]
	TRACE: InstalledJava(21.0.8+12|21.0.8+12|JDK|64bit|C:\Program Files\Java\jdk-21|{58B96B13-1F94-5431-BEB9-2952C3D7D747}|-10|)
[2026/05/19 14:33:34.153, java.exe (PID: 32288, TID: 18612), JavaEnvironment.cpp:0 (JavaEnvironment::detect)]
	TRACE: Exiting JavaEnvironment::detect (entered at JavaEnvironment.cpp:502)
[2026/05/19 14:33:34.168, java.exe (PID: 32288, TID: 18612), Executor.cpp:706 (Executor2::startProcess)]
	TRACE: CreateProcess(C:\Program Files\Java\jdk-21\bin\java.exe, "C:\Program Files\Java\jdk-21\bin\java.exe" -Djavax.net.ssl.trustStoreType=WINDOWS-ROOT -classpath C:\tools\maven\boot\plexus-classworlds-2.7.0.jar -Dclassworlds.conf=C:\tools\maven\bin\m2.conf -Dmaven.home=C:\tools\maven -Dlibrary.jansi.path=C:\tools\maven\lib\jansi-native "-Dmaven.multiModuleProjectDirectory=D:\VVSS lab 5\parabank" org.codehaus.plexus.classworlds.launcher.Launcher org.codehaus.cargo:cargo-maven3-plugin:1.10.27:stop) succeeded; PID=32892
[2026/05/19 14:33:46.460, java.exe (PID: 32288, TID: 18612), Executor.cpp:667 (Executor2::execAndWait)]
	TRACE: Process with PID=32892 terminated. Exit code=0
[2026/05/19 14:55:09.839, java.exe (PID: 29084, TID: 28940), JavaEnvironment.cpp:502 (JavaEnvironment::detect)]
	TRACE: Entering JavaEnvironment::detect
[2026/05/19 14:55:09.843, java.exe (PID: 29084, TID: 28940), JavaEnvironment.cpp:519 (JavaEnvironment::detect)]
	TRACE: Installed Java detected: version=1.8.0_461; arch=64; productCode={71124AE4-039E-4CA4-87B4-2F64180461F0}; type=0
[2026/05/19 14:55:09.856, java.exe (PID: 29084, TID: 28940), JavaEnvironment.cpp:519 (JavaEnvironment::detect)]
	TRACE: Installed Java detected: version=; arch=64; productCode={58B96B13-1F94-5431-BEB9-2952C3D7D747}; type=1
[2026/05/19 14:55:09.856, java.exe (PID: 29084, TID: 28940), JavaEnvironment.cpp:135 (`anonymous-namespace'::detectHomeDir)]
	TRACE: Find home dir of {58B96B13-1F94-5431-BEB9-2952C3D7D747} Java installation
[2026/05/19 14:55:09.856, java.exe (PID: 29084, TID: 28940), JavaEnvironment.cpp:302 (`anonymous-namespace'::detectFullVersion)]
	TRACE: Detect full version of {58B96B13-1F94-5431-BEB9-2952C3D7D747} Java installation
[2026/05/19 14:55:09.856, java.exe (PID: 29084, TID: 28940), JavaEnvironment.cpp:213 (`anonymous-namespace'::detectFullVersionFromMsi)]
	TRACE: detectFullVersionFromMsi({58B96B13-1F94-5431-BEB9-2952C3D7D747})
[2026/05/19 14:55:09.860, java.exe (PID: 29084, TID: 28940), JavaEnvironment.cpp:481 (`anonymous-namespace'::getInstalledJava)]
	TRACE: InstalledJava(21.0.8+12|21.0.8+12|JDK|64bit|C:\Program Files\Java\jdk-21|{58B96B13-1F94-5431-BEB9-2952C3D7D747}|-10|)
[2026/05/19 14:55:09.863, java.exe (PID: 29084, TID: 28940), JavaEnvironment.cpp:0 (JavaEnvironment::detect)]
	TRACE: Exiting JavaEnvironment::detect (entered at JavaEnvironment.cpp:502)
[2026/05/19 14:55:09.877, java.exe (PID: 29084, TID: 28940), Executor.cpp:706 (Executor2::startProcess)]
	TRACE: CreateProcess(C:\Program Files\Java\jdk-21\bin\java.exe, "C:\Program Files\Java\jdk-21\bin\java.exe" -version) succeeded; PID=31852
[2026/05/19 14:55:09.953, java.exe (PID: 29084, TID: 28940), Executor.cpp:667 (Executor2::execAndWait)]
	TRACE: Process with PID=31852 terminated. Exit code=0
[2026/05/19 14:55:10.175, java.exe (PID: 1484, TID: 4184), JavaEnvironment.cpp:502 (JavaEnvironment::detect)]
	TRACE: Entering JavaEnvironment::detect
[2026/05/19 14:55:10.181, java.exe (PID: 1484, TID: 4184), JavaEnvironment.cpp:519 (JavaEnvironment::detect)]
	TRACE: Installed Java detected: version=1.8.0_461; arch=64; productCode={71124AE4-039E-4CA4-87B4-2F64180461F0}; type=0
[2026/05/19 14:55:10.193, java.exe (PID: 1484, TID: 4184), JavaEnvironment.cpp:519 (JavaEnvironment::detect)]
	TRACE: Installed Java detected: version=; arch=64; productCode={58B96B13-1F94-5431-BEB9-2952C3D7D747}; type=1
[2026/05/19 14:55:10.194, java.exe (PID: 1484, TID: 4184), JavaEnvironment.cpp:135 (`anonymous-namespace'::detectHomeDir)]
	TRACE: Find home dir of {58B96B13-1F94-5431-BEB9-2952C3D7D747} Java installation
[2026/05/19 14:55:10.194, java.exe (PID: 1484, TID: 4184), JavaEnvironment.cpp:302 (`anonymous-namespace'::detectFullVersion)]
	TRACE: Detect full version of {58B96B13-1F94-5431-BEB9-2952C3D7D747} Java installation
[2026/05/19 14:55:10.194, java.exe (PID: 1484, TID: 4184), JavaEnvironment.cpp:213 (`anonymous-namespace'::detectFullVersionFromMsi)]
	TRACE: detectFullVersionFromMsi({58B96B13-1F94-5431-BEB9-2952C3D7D747})
[2026/05/19 14:55:10.199, java.exe (PID: 1484, TID: 4184), JavaEnvironment.cpp:481 (`anonymous-namespace'::getInstalledJava)]
	TRACE: InstalledJava(21.0.8+12|21.0.8+12|JDK|64bit|C:\Program Files\Java\jdk-21|{58B96B13-1F94-5431-BEB9-2952C3D7D747}|-10|)
[2026/05/19 14:55:10.203, java.exe (PID: 1484, TID: 4184), JavaEnvironment.cpp:0 (JavaEnvironment::detect)]
	TRACE: Exiting JavaEnvironment::detect (entered at JavaEnvironment.cpp:502)
[2026/05/19 14:55:10.216, java.exe (PID: 1484, TID: 4184), Executor.cpp:706 (Executor2::startProcess)]
	TRACE: CreateProcess(C:\Program Files\Java\jdk-21\bin\java.exe, "C:\Program Files\Java\jdk-21\bin\java.exe" -Djavax.net.ssl.trustStoreType=WINDOWS-ROOT -classpath C:\tools\maven\boot\plexus-classworlds-2.7.0.jar -Dclassworlds.conf=C:\tools\maven\bin\m2.conf -Dmaven.home=C:\tools\maven -Dlibrary.jansi.path=C:\tools\maven\lib\jansi-native "-Dmaven.multiModuleProjectDirectory=D:\VVSS lab 5\.jenkins\workspace\vvsslab5" org.codehaus.plexus.classworlds.launcher.Launcher -version) succeeded; PID=35504
[2026/05/19 14:55:10.431, java.exe (PID: 1484, TID: 4184), Executor.cpp:667 (Executor2::execAndWait)]
	TRACE: Process with PID=35504 terminated. Exit code=0
[2026/05/19 14:55:10.836, java.exe (PID: 14832, TID: 33252), JavaEnvironment.cpp:502 (JavaEnvironment::detect)]
	TRACE: Entering JavaEnvironment::detect
[2026/05/19 14:55:10.840, java.exe (PID: 14832, TID: 33252), JavaEnvironment.cpp:519 (JavaEnvironment::detect)]
	TRACE: Installed Java detected: version=1.8.0_461; arch=64; productCode={71124AE4-039E-4CA4-87B4-2F64180461F0}; type=0
[2026/05/19 14:55:10.852, java.exe (PID: 14832, TID: 33252), JavaEnvironment.cpp:519 (JavaEnvironment::detect)]
	TRACE: Installed Java detected: version=; arch=64; productCode={58B96B13-1F94-5431-BEB9-2952C3D7D747}; type=1
[2026/05/19 14:55:10.852, java.exe (PID: 14832, TID: 33252), JavaEnvironment.cpp:135 (`anonymous-namespace'::detectHomeDir)]
	TRACE: Find home dir of {58B96B13-1F94-5431-BEB9-2952C3D7D747} Java installation
[2026/05/19 14:55:10.852, java.exe (PID: 14832, TID: 33252), JavaEnvironment.cpp:302 (`anonymous-namespace'::detectFullVersion)]
	TRACE: Detect full version of {58B96B13-1F94-5431-BEB9-2952C3D7D747} Java installation
[2026/05/19 14:55:10.852, java.exe (PID: 14832, TID: 33252), JavaEnvironment.cpp:213 (`anonymous-namespace'::detectFullVersionFromMsi)]
	TRACE: detectFullVersionFromMsi({58B96B13-1F94-5431-BEB9-2952C3D7D747})
[2026/05/19 14:55:10.856, java.exe (PID: 14832, TID: 33252), JavaEnvironment.cpp:481 (`anonymous-namespace'::getInstalledJava)]
	TRACE: InstalledJava(21.0.8+12|21.0.8+12|JDK|64bit|C:\Program Files\Java\jdk-21|{58B96B13-1F94-5431-BEB9-2952C3D7D747}|-10|)
[2026/05/19 14:55:10.859, java.exe (PID: 14832, TID: 33252), JavaEnvironment.cpp:0 (JavaEnvironment::detect)]
	TRACE: Exiting JavaEnvironment::detect (entered at JavaEnvironment.cpp:502)
[2026/05/19 14:55:10.873, java.exe (PID: 14832, TID: 33252), Executor.cpp:706 (Executor2::startProcess)]
	TRACE: CreateProcess(C:\Program Files\Java\jdk-21\bin\java.exe, "C:\Program Files\Java\jdk-21\bin\java.exe" -Djavax.net.ssl.trustStoreType=WINDOWS-ROOT -classpath C:\tools\maven\boot\plexus-classworlds-2.7.0.jar -Dclassworlds.conf=C:\tools\maven\bin\m2.conf -Dmaven.home=C:\tools\maven -Dlibrary.jansi.path=C:\tools\maven\lib\jansi-native "-Dmaven.multiModuleProjectDirectory=D:\VVSS lab 5\parabank" org.codehaus.plexus.classworlds.launcher.Launcher -DskipTests clean package) succeeded; PID=15708
[2026/05/19 14:55:32.888, java.exe (PID: 14832, TID: 33252), Executor.cpp:667 (Executor2::execAndWait)]
	TRACE: Process with PID=15708 terminated. Exit code=0
[2026/05/19 14:55:34.295, java.exe (PID: 16280, TID: 11936), JavaEnvironment.cpp:502 (JavaEnvironment::detect)]
	TRACE: Entering JavaEnvironment::detect
[2026/05/19 14:55:34.300, java.exe (PID: 16280, TID: 11936), JavaEnvironment.cpp:519 (JavaEnvironment::detect)]
	TRACE: Installed Java detected: version=1.8.0_461; arch=64; productCode={71124AE4-039E-4CA4-87B4-2F64180461F0}; type=0
[2026/05/19 14:55:34.316, java.exe (PID: 16280, TID: 11936), JavaEnvironment.cpp:519 (JavaEnvironment::detect)]
	TRACE: Installed Java detected: version=; arch=64; productCode={58B96B13-1F94-5431-BEB9-2952C3D7D747}; type=1
[2026/05/19 14:55:34.316, java.exe (PID: 16280, TID: 11936), JavaEnvironment.cpp:135 (`anonymous-namespace'::detectHomeDir)]
	TRACE: Find home dir of {58B96B13-1F94-5431-BEB9-2952C3D7D747} Java installation
[2026/05/19 14:55:34.316, java.exe (PID: 16280, TID: 11936), JavaEnvironment.cpp:302 (`anonymous-namespace'::detectFullVersion)]
	TRACE: Detect full version of {58B96B13-1F94-5431-BEB9-2952C3D7D747} Java installation
[2026/05/19 14:55:34.316, java.exe (PID: 16280, TID: 11936), JavaEnvironment.cpp:213 (`anonymous-namespace'::detectFullVersionFromMsi)]
	TRACE: detectFullVersionFromMsi({58B96B13-1F94-5431-BEB9-2952C3D7D747})
[2026/05/19 14:55:34.321, java.exe (PID: 16280, TID: 11936), JavaEnvironment.cpp:481 (`anonymous-namespace'::getInstalledJava)]
	TRACE: InstalledJava(21.0.8+12|21.0.8+12|JDK|64bit|C:\Program Files\Java\jdk-21|{58B96B13-1F94-5431-BEB9-2952C3D7D747}|-10|)
[2026/05/19 14:55:34.324, java.exe (PID: 16280, TID: 11936), JavaEnvironment.cpp:0 (JavaEnvironment::detect)]
	TRACE: Exiting JavaEnvironment::detect (entered at JavaEnvironment.cpp:502)
[2026/05/19 14:55:34.340, java.exe (PID: 16280, TID: 11936), Executor.cpp:706 (Executor2::startProcess)]
	TRACE: CreateProcess(C:\Program Files\Java\jdk-21\bin\java.exe, "C:\Program Files\Java\jdk-21\bin\java.exe" -Djavax.net.ssl.trustStoreType=WINDOWS-ROOT -classpath C:\tools\maven\boot\plexus-classworlds-2.7.0.jar -Dclassworlds.conf=C:\tools\maven\bin\m2.conf -Dmaven.home=C:\tools\maven -Dlibrary.jansi.path=C:\tools\maven\lib\jansi-native "-Dmaven.multiModuleProjectDirectory=D:\VVSS lab 5\parabank" org.codehaus.plexus.classworlds.launcher.Launcher -DskipTests org.codehaus.cargo:cargo-maven3-plugin:1.10.27:run) succeeded; PID=14508
[2026/05/19 15:08:10.797, java.exe (PID: 35160, TID: 35928), JavaEnvironment.cpp:502 (JavaEnvironment::detect)]
	TRACE: Entering JavaEnvironment::detect
[2026/05/19 15:08:10.805, java.exe (PID: 35160, TID: 35928), JavaEnvironment.cpp:519 (JavaEnvironment::detect)]
	TRACE: Installed Java detected: version=1.8.0_461; arch=64; productCode={71124AE4-039E-4CA4-87B4-2F64180461F0}; type=0
[2026/05/19 15:08:10.821, java.exe (PID: 35160, TID: 35928), JavaEnvironment.cpp:519 (JavaEnvironment::detect)]
	TRACE: Installed Java detected: version=; arch=64; productCode={58B96B13-1F94-5431-BEB9-2952C3D7D747}; type=1
[2026/05/19 15:08:10.821, java.exe (PID: 35160, TID: 35928), JavaEnvironment.cpp:135 (`anonymous-namespace'::detectHomeDir)]
	TRACE: Find home dir of {58B96B13-1F94-5431-BEB9-2952C3D7D747} Java installation
[2026/05/19 15:08:10.822, java.exe (PID: 35160, TID: 35928), JavaEnvironment.cpp:302 (`anonymous-namespace'::detectFullVersion)]
	TRACE: Detect full version of {58B96B13-1F94-5431-BEB9-2952C3D7D747} Java installation
[2026/05/19 15:08:10.822, java.exe (PID: 35160, TID: 35928), JavaEnvironment.cpp:213 (`anonymous-namespace'::detectFullVersionFromMsi)]
	TRACE: detectFullVersionFromMsi({58B96B13-1F94-5431-BEB9-2952C3D7D747})
[2026/05/19 15:08:10.828, java.exe (PID: 35160, TID: 35928), JavaEnvironment.cpp:481 (`anonymous-namespace'::getInstalledJava)]
	TRACE: InstalledJava(21.0.8+12|21.0.8+12|JDK|64bit|C:\Program Files\Java\jdk-21|{58B96B13-1F94-5431-BEB9-2952C3D7D747}|-10|)
[2026/05/19 15:08:10.832, java.exe (PID: 35160, TID: 35928), JavaEnvironment.cpp:0 (JavaEnvironment::detect)]
	TRACE: Exiting JavaEnvironment::detect (entered at JavaEnvironment.cpp:502)
[2026/05/19 15:08:10.852, java.exe (PID: 35160, TID: 35928), Executor.cpp:706 (Executor2::startProcess)]
	TRACE: CreateProcess(C:\Program Files\Java\jdk-21\bin\java.exe, "C:\Program Files\Java\jdk-21\bin\java.exe" -Djavax.net.ssl.trustStoreType=WINDOWS-ROOT -classpath C:\tools\maven\boot\plexus-classworlds-2.7.0.jar -Dclassworlds.conf=C:\tools\maven\bin\m2.conf -Dmaven.home=C:\tools\maven -Dlibrary.jansi.path=C:\tools\maven\lib\jansi-native "-Dmaven.multiModuleProjectDirectory=D:\VVSS lab 5\parabank" org.codehaus.plexus.classworlds.launcher.Launcher org.codehaus.cargo:cargo-maven3-plugin:1.10.27:stop) succeeded; PID=3700
[2026/05/19 15:08:27.525, java.exe (PID: 35160, TID: 35928), Executor.cpp:667 (Executor2::execAndWait)]
	TRACE: Process with PID=3700 terminated. Exit code=0
[2026/05/19 15:10:08.552, java.exe (PID: 26368, TID: 27260), JavaEnvironment.cpp:502 (JavaEnvironment::detect)]
	TRACE: Entering JavaEnvironment::detect
[2026/05/19 15:10:08.558, java.exe (PID: 26368, TID: 27260), JavaEnvironment.cpp:519 (JavaEnvironment::detect)]
	TRACE: Installed Java detected: version=1.8.0_461; arch=64; productCode={71124AE4-039E-4CA4-87B4-2F64180461F0}; type=0
[2026/05/19 15:10:08.570, java.exe (PID: 26368, TID: 27260), JavaEnvironment.cpp:519 (JavaEnvironment::detect)]
	TRACE: Installed Java detected: version=; arch=64; productCode={58B96B13-1F94-5431-BEB9-2952C3D7D747}; type=1
[2026/05/19 15:10:08.570, java.exe (PID: 26368, TID: 27260), JavaEnvironment.cpp:135 (`anonymous-namespace'::detectHomeDir)]
	TRACE: Find home dir of {58B96B13-1F94-5431-BEB9-2952C3D7D747} Java installation
[2026/05/19 15:10:08.570, java.exe (PID: 26368, TID: 27260), JavaEnvironment.cpp:302 (`anonymous-namespace'::detectFullVersion)]
	TRACE: Detect full version of {58B96B13-1F94-5431-BEB9-2952C3D7D747} Java installation
[2026/05/19 15:10:08.571, java.exe (PID: 26368, TID: 27260), JavaEnvironment.cpp:213 (`anonymous-namespace'::detectFullVersionFromMsi)]
	TRACE: detectFullVersionFromMsi({58B96B13-1F94-5431-BEB9-2952C3D7D747})
[2026/05/19 15:10:08.575, java.exe (PID: 26368, TID: 27260), JavaEnvironment.cpp:481 (`anonymous-namespace'::getInstalledJava)]
	TRACE: InstalledJava(21.0.8+12|21.0.8+12|JDK|64bit|C:\Program Files\Java\jdk-21|{58B96B13-1F94-5431-BEB9-2952C3D7D747}|-10|)
[2026/05/19 15:10:08.578, java.exe (PID: 26368, TID: 27260), JavaEnvironment.cpp:0 (JavaEnvironment::detect)]
	TRACE: Exiting JavaEnvironment::detect (entered at JavaEnvironment.cpp:502)
[2026/05/19 15:10:08.593, java.exe (PID: 26368, TID: 27260), Executor.cpp:706 (Executor2::startProcess)]
	TRACE: CreateProcess(C:\Program Files\Java\jdk-21\bin\java.exe, "C:\Program Files\Java\jdk-21\bin\java.exe" -version) succeeded; PID=36796
[2026/05/19 15:10:08.678, java.exe (PID: 26368, TID: 27260), Executor.cpp:667 (Executor2::execAndWait)]
	TRACE: Process with PID=36796 terminated. Exit code=0
[2026/05/19 15:10:08.881, java.exe (PID: 35368, TID: 35968), JavaEnvironment.cpp:502 (JavaEnvironment::detect)]
	TRACE: Entering JavaEnvironment::detect
[2026/05/19 15:10:08.886, java.exe (PID: 35368, TID: 35968), JavaEnvironment.cpp:519 (JavaEnvironment::detect)]
	TRACE: Installed Java detected: version=1.8.0_461; arch=64; productCode={71124AE4-039E-4CA4-87B4-2F64180461F0}; type=0
[2026/05/19 15:10:08.898, java.exe (PID: 35368, TID: 35968), JavaEnvironment.cpp:519 (JavaEnvironment::detect)]
	TRACE: Installed Java detected: version=; arch=64; productCode={58B96B13-1F94-5431-BEB9-2952C3D7D747}; type=1
[2026/05/19 15:10:08.899, java.exe (PID: 35368, TID: 35968), JavaEnvironment.cpp:135 (`anonymous-namespace'::detectHomeDir)]
	TRACE: Find home dir of {58B96B13-1F94-5431-BEB9-2952C3D7D747} Java installation
[2026/05/19 15:10:08.899, java.exe (PID: 35368, TID: 35968), JavaEnvironment.cpp:302 (`anonymous-namespace'::detectFullVersion)]
	TRACE: Detect full version of {58B96B13-1F94-5431-BEB9-2952C3D7D747} Java installation
[2026/05/19 15:10:08.899, java.exe (PID: 35368, TID: 35968), JavaEnvironment.cpp:213 (`anonymous-namespace'::detectFullVersionFromMsi)]
	TRACE: detectFullVersionFromMsi({58B96B13-1F94-5431-BEB9-2952C3D7D747})
[2026/05/19 15:10:08.904, java.exe (PID: 35368, TID: 35968), JavaEnvironment.cpp:481 (`anonymous-namespace'::getInstalledJava)]
	TRACE: InstalledJava(21.0.8+12|21.0.8+12|JDK|64bit|C:\Program Files\Java\jdk-21|{58B96B13-1F94-5431-BEB9-2952C3D7D747}|-10|)
[2026/05/19 15:10:08.907, java.exe (PID: 35368, TID: 35968), JavaEnvironment.cpp:0 (JavaEnvironment::detect)]
	TRACE: Exiting JavaEnvironment::detect (entered at JavaEnvironment.cpp:502)
[2026/05/19 15:10:08.922, java.exe (PID: 35368, TID: 35968), Executor.cpp:706 (Executor2::startProcess)]
	TRACE: CreateProcess(C:\Program Files\Java\jdk-21\bin\java.exe, "C:\Program Files\Java\jdk-21\bin\java.exe" -Djavax.net.ssl.trustStoreType=WINDOWS-ROOT -classpath C:\tools\maven\boot\plexus-classworlds-2.7.0.jar -Dclassworlds.conf=C:\tools\maven\bin\m2.conf -Dmaven.home=C:\tools\maven -Dlibrary.jansi.path=C:\tools\maven\lib\jansi-native "-Dmaven.multiModuleProjectDirectory=D:\VVSS lab 5\.jenkins\workspace\vvsslab5" org.codehaus.plexus.classworlds.launcher.Launcher -version) succeeded; PID=30548
[2026/05/19 15:10:09.190, java.exe (PID: 35368, TID: 35968), Executor.cpp:667 (Executor2::execAndWait)]
	TRACE: Process with PID=30548 terminated. Exit code=0
[2026/05/19 15:10:09.556, java.exe (PID: 33372, TID: 9052), JavaEnvironment.cpp:502 (JavaEnvironment::detect)]
	TRACE: Entering JavaEnvironment::detect
[2026/05/19 15:10:09.562, java.exe (PID: 33372, TID: 9052), JavaEnvironment.cpp:519 (JavaEnvironment::detect)]
	TRACE: Installed Java detected: version=1.8.0_461; arch=64; productCode={71124AE4-039E-4CA4-87B4-2F64180461F0}; type=0
[2026/05/19 15:10:09.576, java.exe (PID: 33372, TID: 9052), JavaEnvironment.cpp:519 (JavaEnvironment::detect)]
	TRACE: Installed Java detected: version=; arch=64; productCode={58B96B13-1F94-5431-BEB9-2952C3D7D747}; type=1
[2026/05/19 15:10:09.576, java.exe (PID: 33372, TID: 9052), JavaEnvironment.cpp:135 (`anonymous-namespace'::detectHomeDir)]
	TRACE: Find home dir of {58B96B13-1F94-5431-BEB9-2952C3D7D747} Java installation
[2026/05/19 15:10:09.576, java.exe (PID: 33372, TID: 9052), JavaEnvironment.cpp:302 (`anonymous-namespace'::detectFullVersion)]
	TRACE: Detect full version of {58B96B13-1F94-5431-BEB9-2952C3D7D747} Java installation
[2026/05/19 15:10:09.577, java.exe (PID: 33372, TID: 9052), JavaEnvironment.cpp:213 (`anonymous-namespace'::detectFullVersionFromMsi)]
	TRACE: detectFullVersionFromMsi({58B96B13-1F94-5431-BEB9-2952C3D7D747})
[2026/05/19 15:10:09.581, java.exe (PID: 33372, TID: 9052), JavaEnvironment.cpp:481 (`anonymous-namespace'::getInstalledJava)]
	TRACE: InstalledJava(21.0.8+12|21.0.8+12|JDK|64bit|C:\Program Files\Java\jdk-21|{58B96B13-1F94-5431-BEB9-2952C3D7D747}|-10|)
[2026/05/19 15:10:09.585, java.exe (PID: 33372, TID: 9052), JavaEnvironment.cpp:0 (JavaEnvironment::detect)]
	TRACE: Exiting JavaEnvironment::detect (entered at JavaEnvironment.cpp:502)
[2026/05/19 15:10:09.600, java.exe (PID: 33372, TID: 9052), Executor.cpp:706 (Executor2::startProcess)]
	TRACE: CreateProcess(C:\Program Files\Java\jdk-21\bin\java.exe, "C:\Program Files\Java\jdk-21\bin\java.exe" -Djavax.net.ssl.trustStoreType=WINDOWS-ROOT -classpath C:\tools\maven\boot\plexus-classworlds-2.7.0.jar -Dclassworlds.conf=C:\tools\maven\bin\m2.conf -Dmaven.home=C:\tools\maven -Dlibrary.jansi.path=C:\tools\maven\lib\jansi-native "-Dmaven.multiModuleProjectDirectory=D:\VVSS lab 5\parabank" org.codehaus.plexus.classworlds.launcher.Launcher -DskipTests clean package) succeeded; PID=24216
[2026/05/19 15:10:51.487, java.exe (PID: 33372, TID: 9052), Executor.cpp:667 (Executor2::execAndWait)]
	TRACE: Process with PID=24216 terminated. Exit code=0
[2026/05/19 15:10:51.975, java.exe (PID: 35688, TID: 6720), JavaEnvironment.cpp:502 (JavaEnvironment::detect)]
	TRACE: Entering JavaEnvironment::detect
[2026/05/19 15:10:51.980, java.exe (PID: 35688, TID: 6720), JavaEnvironment.cpp:519 (JavaEnvironment::detect)]
	TRACE: Installed Java detected: version=1.8.0_461; arch=64; productCode={71124AE4-039E-4CA4-87B4-2F64180461F0}; type=0
[2026/05/19 15:10:51.995, java.exe (PID: 35688, TID: 6720), JavaEnvironment.cpp:519 (JavaEnvironment::detect)]
	TRACE: Installed Java detected: version=; arch=64; productCode={58B96B13-1F94-5431-BEB9-2952C3D7D747}; type=1
[2026/05/19 15:10:51.995, java.exe (PID: 35688, TID: 6720), JavaEnvironment.cpp:135 (`anonymous-namespace'::detectHomeDir)]
	TRACE: Find home dir of {58B96B13-1F94-5431-BEB9-2952C3D7D747} Java installation
[2026/05/19 15:10:51.996, java.exe (PID: 35688, TID: 6720), JavaEnvironment.cpp:302 (`anonymous-namespace'::detectFullVersion)]
	TRACE: Detect full version of {58B96B13-1F94-5431-BEB9-2952C3D7D747} Java installation
[2026/05/19 15:10:51.996, java.exe (PID: 35688, TID: 6720), JavaEnvironment.cpp:213 (`anonymous-namespace'::detectFullVersionFromMsi)]
	TRACE: detectFullVersionFromMsi({58B96B13-1F94-5431-BEB9-2952C3D7D747})
[2026/05/19 15:10:52.001, java.exe (PID: 35688, TID: 6720), JavaEnvironment.cpp:481 (`anonymous-namespace'::getInstalledJava)]
	TRACE: InstalledJava(21.0.8+12|21.0.8+12|JDK|64bit|C:\Program Files\Java\jdk-21|{58B96B13-1F94-5431-BEB9-2952C3D7D747}|-10|)
[2026/05/19 15:10:52.004, java.exe (PID: 35688, TID: 6720), JavaEnvironment.cpp:0 (JavaEnvironment::detect)]
	TRACE: Exiting JavaEnvironment::detect (entered at JavaEnvironment.cpp:502)
[2026/05/19 15:10:52.019, java.exe (PID: 35688, TID: 6720), Executor.cpp:706 (Executor2::startProcess)]
	TRACE: CreateProcess(C:\Program Files\Java\jdk-21\bin\java.exe, "C:\Program Files\Java\jdk-21\bin\java.exe" -Djavax.net.ssl.trustStoreType=WINDOWS-ROOT -classpath C:\tools\maven\boot\plexus-classworlds-2.7.0.jar -Dclassworlds.conf=C:\tools\maven\bin\m2.conf -Dmaven.home=C:\tools\maven -Dlibrary.jansi.path=C:\tools\maven\lib\jansi-native "-Dmaven.multiModuleProjectDirectory=D:\VVSS lab 5\parabank" org.codehaus.plexus.classworlds.launcher.Launcher -DskipTests org.codehaus.cargo:cargo-maven3-plugin:1.10.27:start) succeeded; PID=17388
[2026/05/19 15:11:30.366, java.exe (PID: 35688, TID: 6720), Executor.cpp:667 (Executor2::execAndWait)]
	TRACE: Process with PID=17388 terminated. Exit code=0
[2026/05/19 15:21:58.233, java.exe (PID: 31724, TID: 34524), JavaEnvironment.cpp:502 (JavaEnvironment::detect)]
	TRACE: Entering JavaEnvironment::detect
[2026/05/19 15:21:58.239, java.exe (PID: 31724, TID: 34524), JavaEnvironment.cpp:519 (JavaEnvironment::detect)]
	TRACE: Installed Java detected: version=1.8.0_461; arch=64; productCode={71124AE4-039E-4CA4-87B4-2F64180461F0}; type=0
[2026/05/19 15:21:58.253, java.exe (PID: 31724, TID: 34524), JavaEnvironment.cpp:519 (JavaEnvironment::detect)]
	TRACE: Installed Java detected: version=; arch=64; productCode={58B96B13-1F94-5431-BEB9-2952C3D7D747}; type=1
[2026/05/19 15:21:58.254, java.exe (PID: 31724, TID: 34524), JavaEnvironment.cpp:135 (`anonymous-namespace'::detectHomeDir)]
	TRACE: Find home dir of {58B96B13-1F94-5431-BEB9-2952C3D7D747} Java installation
[2026/05/19 15:21:58.254, java.exe (PID: 31724, TID: 34524), JavaEnvironment.cpp:302 (`anonymous-namespace'::detectFullVersion)]
	TRACE: Detect full version of {58B96B13-1F94-5431-BEB9-2952C3D7D747} Java installation
[2026/05/19 15:21:58.254, java.exe (PID: 31724, TID: 34524), JavaEnvironment.cpp:213 (`anonymous-namespace'::detectFullVersionFromMsi)]
	TRACE: detectFullVersionFromMsi({58B96B13-1F94-5431-BEB9-2952C3D7D747})
[2026/05/19 15:21:58.260, java.exe (PID: 31724, TID: 34524), JavaEnvironment.cpp:481 (`anonymous-namespace'::getInstalledJava)]
	TRACE: InstalledJava(21.0.8+12|21.0.8+12|JDK|64bit|C:\Program Files\Java\jdk-21|{58B96B13-1F94-5431-BEB9-2952C3D7D747}|-10|)
[2026/05/19 15:21:58.264, java.exe (PID: 31724, TID: 34524), JavaEnvironment.cpp:0 (JavaEnvironment::detect)]
	TRACE: Exiting JavaEnvironment::detect (entered at JavaEnvironment.cpp:502)
[2026/05/19 15:21:58.282, java.exe (PID: 31724, TID: 34524), Executor.cpp:706 (Executor2::startProcess)]
	TRACE: CreateProcess(C:\Program Files\Java\jdk-21\bin\java.exe, "C:\Program Files\Java\jdk-21\bin\java.exe" -Djavax.net.ssl.trustStoreType=WINDOWS-ROOT -classpath C:\tools\maven\boot\plexus-classworlds-2.7.0.jar -Dclassworlds.conf=C:\tools\maven\bin\m2.conf -Dmaven.home=C:\tools\maven -Dlibrary.jansi.path=C:\tools\maven\lib\jansi-native "-Dmaven.multiModuleProjectDirectory=D:\VVSS lab 5\parabank" org.codehaus.plexus.classworlds.launcher.Launcher org.codehaus.cargo:cargo-maven3-plugin:1.10.27:stop) succeeded; PID=36296
[2026/05/19 15:22:11.026, java.exe (PID: 31724, TID: 34524), Executor.cpp:667 (Executor2::execAndWait)]
	TRACE: Process with PID=36296 terminated. Exit code=0
[2026/05/19 15:23:28.424, java.exe (PID: 27256, TID: 3632), JavaEnvironment.cpp:502 (JavaEnvironment::detect)]
	TRACE: Entering JavaEnvironment::detect
[2026/05/19 15:23:28.429, java.exe (PID: 27256, TID: 3632), JavaEnvironment.cpp:519 (JavaEnvironment::detect)]
	TRACE: Installed Java detected: version=1.8.0_461; arch=64; productCode={71124AE4-039E-4CA4-87B4-2F64180461F0}; type=0
[2026/05/19 15:23:28.441, java.exe (PID: 27256, TID: 3632), JavaEnvironment.cpp:519 (JavaEnvironment::detect)]
	TRACE: Installed Java detected: version=; arch=64; productCode={58B96B13-1F94-5431-BEB9-2952C3D7D747}; type=1
[2026/05/19 15:23:28.441, java.exe (PID: 27256, TID: 3632), JavaEnvironment.cpp:135 (`anonymous-namespace'::detectHomeDir)]
	TRACE: Find home dir of {58B96B13-1F94-5431-BEB9-2952C3D7D747} Java installation
[2026/05/19 15:23:28.441, java.exe (PID: 27256, TID: 3632), JavaEnvironment.cpp:302 (`anonymous-namespace'::detectFullVersion)]
	TRACE: Detect full version of {58B96B13-1F94-5431-BEB9-2952C3D7D747} Java installation
[2026/05/19 15:23:28.442, java.exe (PID: 27256, TID: 3632), JavaEnvironment.cpp:213 (`anonymous-namespace'::detectFullVersionFromMsi)]
	TRACE: detectFullVersionFromMsi({58B96B13-1F94-5431-BEB9-2952C3D7D747})
[2026/05/19 15:23:28.446, java.exe (PID: 27256, TID: 3632), JavaEnvironment.cpp:481 (`anonymous-namespace'::getInstalledJava)]
	TRACE: InstalledJava(21.0.8+12|21.0.8+12|JDK|64bit|C:\Program Files\Java\jdk-21|{58B96B13-1F94-5431-BEB9-2952C3D7D747}|-10|)
[2026/05/19 15:23:28.448, java.exe (PID: 27256, TID: 3632), JavaEnvironment.cpp:0 (JavaEnvironment::detect)]
	TRACE: Exiting JavaEnvironment::detect (entered at JavaEnvironment.cpp:502)
[2026/05/19 15:23:28.463, java.exe (PID: 27256, TID: 3632), Executor.cpp:706 (Executor2::startProcess)]
	TRACE: CreateProcess(C:\Program Files\Java\jdk-21\bin\java.exe, "C:\Program Files\Java\jdk-21\bin\java.exe" -version) succeeded; PID=26428
[2026/05/19 15:23:28.539, java.exe (PID: 27256, TID: 3632), Executor.cpp:667 (Executor2::execAndWait)]
	TRACE: Process with PID=26428 terminated. Exit code=0
[2026/05/19 15:23:28.743, java.exe (PID: 20116, TID: 34540), JavaEnvironment.cpp:502 (JavaEnvironment::detect)]
	TRACE: Entering JavaEnvironment::detect
[2026/05/19 15:23:28.748, java.exe (PID: 20116, TID: 34540), JavaEnvironment.cpp:519 (JavaEnvironment::detect)]
	TRACE: Installed Java detected: version=1.8.0_461; arch=64; productCode={71124AE4-039E-4CA4-87B4-2F64180461F0}; type=0
[2026/05/19 15:23:28.759, java.exe (PID: 20116, TID: 34540), JavaEnvironment.cpp:519 (JavaEnvironment::detect)]
	TRACE: Installed Java detected: version=; arch=64; productCode={58B96B13-1F94-5431-BEB9-2952C3D7D747}; type=1
[2026/05/19 15:23:28.759, java.exe (PID: 20116, TID: 34540), JavaEnvironment.cpp:135 (`anonymous-namespace'::detectHomeDir)]
	TRACE: Find home dir of {58B96B13-1F94-5431-BEB9-2952C3D7D747} Java installation
[2026/05/19 15:23:28.759, java.exe (PID: 20116, TID: 34540), JavaEnvironment.cpp:302 (`anonymous-namespace'::detectFullVersion)]
	TRACE: Detect full version of {58B96B13-1F94-5431-BEB9-2952C3D7D747} Java installation
[2026/05/19 15:23:28.759, java.exe (PID: 20116, TID: 34540), JavaEnvironment.cpp:213 (`anonymous-namespace'::detectFullVersionFromMsi)]
	TRACE: detectFullVersionFromMsi({58B96B13-1F94-5431-BEB9-2952C3D7D747})
[2026/05/19 15:23:28.765, java.exe (PID: 20116, TID: 34540), JavaEnvironment.cpp:481 (`anonymous-namespace'::getInstalledJava)]
	TRACE: InstalledJava(21.0.8+12|21.0.8+12|JDK|64bit|C:\Program Files\Java\jdk-21|{58B96B13-1F94-5431-BEB9-2952C3D7D747}|-10|)
[2026/05/19 15:23:28.768, java.exe (PID: 20116, TID: 34540), JavaEnvironment.cpp:0 (JavaEnvironment::detect)]
	TRACE: Exiting JavaEnvironment::detect (entered at JavaEnvironment.cpp:502)
[2026/05/19 15:23:28.781, java.exe (PID: 20116, TID: 34540), Executor.cpp:706 (Executor2::startProcess)]
	TRACE: CreateProcess(C:\Program Files\Java\jdk-21\bin\java.exe, "C:\Program Files\Java\jdk-21\bin\java.exe" -Djavax.net.ssl.trustStoreType=WINDOWS-ROOT -classpath C:\tools\maven\boot\plexus-classworlds-2.7.0.jar -Dclassworlds.conf=C:\tools\maven\bin\m2.conf -Dmaven.home=C:\tools\maven -Dlibrary.jansi.path=C:\tools\maven\lib\jansi-native "-Dmaven.multiModuleProjectDirectory=D:\VVSS lab 5\.jenkins\workspace\vvsslab5" org.codehaus.plexus.classworlds.launcher.Launcher -version) succeeded; PID=34968
[2026/05/19 15:23:28.991, java.exe (PID: 20116, TID: 34540), Executor.cpp:667 (Executor2::execAndWait)]
	TRACE: Process with PID=34968 terminated. Exit code=0
[2026/05/19 15:23:29.387, java.exe (PID: 35676, TID: 33180), JavaEnvironment.cpp:502 (JavaEnvironment::detect)]
	TRACE: Entering JavaEnvironment::detect
[2026/05/19 15:23:29.393, java.exe (PID: 35676, TID: 33180), JavaEnvironment.cpp:519 (JavaEnvironment::detect)]
	TRACE: Installed Java detected: version=1.8.0_461; arch=64; productCode={71124AE4-039E-4CA4-87B4-2F64180461F0}; type=0
[2026/05/19 15:23:29.405, java.exe (PID: 35676, TID: 33180), JavaEnvironment.cpp:519 (JavaEnvironment::detect)]
	TRACE: Installed Java detected: version=; arch=64; productCode={58B96B13-1F94-5431-BEB9-2952C3D7D747}; type=1
[2026/05/19 15:23:29.405, java.exe (PID: 35676, TID: 33180), JavaEnvironment.cpp:135 (`anonymous-namespace'::detectHomeDir)]
	TRACE: Find home dir of {58B96B13-1F94-5431-BEB9-2952C3D7D747} Java installation
[2026/05/19 15:23:29.405, java.exe (PID: 35676, TID: 33180), JavaEnvironment.cpp:302 (`anonymous-namespace'::detectFullVersion)]
	TRACE: Detect full version of {58B96B13-1F94-5431-BEB9-2952C3D7D747} Java installation
[2026/05/19 15:23:29.405, java.exe (PID: 35676, TID: 33180), JavaEnvironment.cpp:213 (`anonymous-namespace'::detectFullVersionFromMsi)]
	TRACE: detectFullVersionFromMsi({58B96B13-1F94-5431-BEB9-2952C3D7D747})
[2026/05/19 15:23:29.410, java.exe (PID: 35676, TID: 33180), JavaEnvironment.cpp:481 (`anonymous-namespace'::getInstalledJava)]
	TRACE: InstalledJava(21.0.8+12|21.0.8+12|JDK|64bit|C:\Program Files\Java\jdk-21|{58B96B13-1F94-5431-BEB9-2952C3D7D747}|-10|)
[2026/05/19 15:23:29.413, java.exe (PID: 35676, TID: 33180), JavaEnvironment.cpp:0 (JavaEnvironment::detect)]
	TRACE: Exiting JavaEnvironment::detect (entered at JavaEnvironment.cpp:502)
[2026/05/19 15:23:29.426, java.exe (PID: 35676, TID: 33180), Executor.cpp:706 (Executor2::startProcess)]
	TRACE: CreateProcess(C:\Program Files\Java\jdk-21\bin\java.exe, "C:\Program Files\Java\jdk-21\bin\java.exe" -Djavax.net.ssl.trustStoreType=WINDOWS-ROOT -classpath C:\tools\maven\boot\plexus-classworlds-2.7.0.jar -Dclassworlds.conf=C:\tools\maven\bin\m2.conf -Dmaven.home=C:\tools\maven -Dlibrary.jansi.path=C:\tools\maven\lib\jansi-native "-Dmaven.multiModuleProjectDirectory=D:\VVSS lab 5\parabank" org.codehaus.plexus.classworlds.launcher.Launcher -DskipTests clean package) succeeded; PID=8184
[2026/05/19 15:23:51.267, java.exe (PID: 35676, TID: 33180), Executor.cpp:667 (Executor2::execAndWait)]
	TRACE: Process with PID=8184 terminated. Exit code=0
[2026/05/19 15:23:51.935, java.exe (PID: 35724, TID: 35276), JavaEnvironment.cpp:502 (JavaEnvironment::detect)]
	TRACE: Entering JavaEnvironment::detect
[2026/05/19 15:23:51.941, java.exe (PID: 35724, TID: 35276), JavaEnvironment.cpp:519 (JavaEnvironment::detect)]
	TRACE: Installed Java detected: version=1.8.0_461; arch=64; productCode={71124AE4-039E-4CA4-87B4-2F64180461F0}; type=0
[2026/05/19 15:23:51.957, java.exe (PID: 35724, TID: 35276), JavaEnvironment.cpp:519 (JavaEnvironment::detect)]
	TRACE: Installed Java detected: version=; arch=64; productCode={58B96B13-1F94-5431-BEB9-2952C3D7D747}; type=1
[2026/05/19 15:23:51.957, java.exe (PID: 35724, TID: 35276), JavaEnvironment.cpp:135 (`anonymous-namespace'::detectHomeDir)]
	TRACE: Find home dir of {58B96B13-1F94-5431-BEB9-2952C3D7D747} Java installation
[2026/05/19 15:23:51.957, java.exe (PID: 35724, TID: 35276), JavaEnvironment.cpp:302 (`anonymous-namespace'::detectFullVersion)]
	TRACE: Detect full version of {58B96B13-1F94-5431-BEB9-2952C3D7D747} Java installation
[2026/05/19 15:23:51.957, java.exe (PID: 35724, TID: 35276), JavaEnvironment.cpp:213 (`anonymous-namespace'::detectFullVersionFromMsi)]
	TRACE: detectFullVersionFromMsi({58B96B13-1F94-5431-BEB9-2952C3D7D747})
[2026/05/19 15:23:51.963, java.exe (PID: 35724, TID: 35276), JavaEnvironment.cpp:481 (`anonymous-namespace'::getInstalledJava)]
	TRACE: InstalledJava(21.0.8+12|21.0.8+12|JDK|64bit|C:\Program Files\Java\jdk-21|{58B96B13-1F94-5431-BEB9-2952C3D7D747}|-10|)
[2026/05/19 15:23:51.966, java.exe (PID: 35724, TID: 35276), JavaEnvironment.cpp:0 (JavaEnvironment::detect)]
	TRACE: Exiting JavaEnvironment::detect (entered at JavaEnvironment.cpp:502)
[2026/05/19 15:23:51.980, java.exe (PID: 35724, TID: 35276), Executor.cpp:706 (Executor2::startProcess)]
	TRACE: CreateProcess(C:\Program Files\Java\jdk-21\bin\java.exe, "C:\Program Files\Java\jdk-21\bin\java.exe" -Djavax.net.ssl.trustStoreType=WINDOWS-ROOT -classpath C:\tools\maven\boot\plexus-classworlds-2.7.0.jar -Dclassworlds.conf=C:\tools\maven\bin\m2.conf -Dmaven.home=C:\tools\maven -Dlibrary.jansi.path=C:\tools\maven\lib\jansi-native "-Dmaven.multiModuleProjectDirectory=D:\VVSS lab 5\parabank" org.codehaus.plexus.classworlds.launcher.Launcher -DskipTests org.codehaus.cargo:cargo-maven3-plugin:1.10.27:run) succeeded; PID=36552
[2026/05/19 15:24:34.366, java.exe (PID: 32160, TID: 35936), JavaEnvironment.cpp:502 (JavaEnvironment::detect)]
	TRACE: Entering JavaEnvironment::detect
[2026/05/19 15:24:34.371, java.exe (PID: 32160, TID: 35936), JavaEnvironment.cpp:519 (JavaEnvironment::detect)]
	TRACE: Installed Java detected: version=1.8.0_461; arch=64; productCode={71124AE4-039E-4CA4-87B4-2F64180461F0}; type=0
[2026/05/19 15:24:34.383, java.exe (PID: 32160, TID: 35936), JavaEnvironment.cpp:519 (JavaEnvironment::detect)]
	TRACE: Installed Java detected: version=; arch=64; productCode={58B96B13-1F94-5431-BEB9-2952C3D7D747}; type=1
[2026/05/19 15:24:34.383, java.exe (PID: 32160, TID: 35936), JavaEnvironment.cpp:135 (`anonymous-namespace'::detectHomeDir)]
	TRACE: Find home dir of {58B96B13-1F94-5431-BEB9-2952C3D7D747} Java installation
[2026/05/19 15:24:34.384, java.exe (PID: 32160, TID: 35936), JavaEnvironment.cpp:302 (`anonymous-namespace'::detectFullVersion)]
	TRACE: Detect full version of {58B96B13-1F94-5431-BEB9-2952C3D7D747} Java installation
[2026/05/19 15:24:34.384, java.exe (PID: 32160, TID: 35936), JavaEnvironment.cpp:213 (`anonymous-namespace'::detectFullVersionFromMsi)]
	TRACE: detectFullVersionFromMsi({58B96B13-1F94-5431-BEB9-2952C3D7D747})
[2026/05/19 15:24:34.389, java.exe (PID: 32160, TID: 35936), JavaEnvironment.cpp:481 (`anonymous-namespace'::getInstalledJava)]
	TRACE: InstalledJava(21.0.8+12|21.0.8+12|JDK|64bit|C:\Program Files\Java\jdk-21|{58B96B13-1F94-5431-BEB9-2952C3D7D747}|-10|)
[2026/05/19 15:24:34.392, java.exe (PID: 32160, TID: 35936), JavaEnvironment.cpp:0 (JavaEnvironment::detect)]
	TRACE: Exiting JavaEnvironment::detect (entered at JavaEnvironment.cpp:502)
[2026/05/19 15:24:34.404, java.exe (PID: 32160, TID: 35936), Executor.cpp:706 (Executor2::startProcess)]
	TRACE: CreateProcess(C:\Program Files\Java\jdk-21\bin\java.exe, "C:\Program Files\Java\jdk-21\bin\java.exe" -Djavax.net.ssl.trustStoreType=WINDOWS-ROOT -classpath C:\tools\maven\boot\plexus-classworlds-2.7.0.jar -Dclassworlds.conf=C:\tools\maven\bin\m2.conf -Dmaven.home=C:\tools\maven -Dlibrary.jansi.path=C:\tools\maven\lib\jansi-native "-Dmaven.multiModuleProjectDirectory=D:\VVSS lab 5\parabank" org.codehaus.plexus.classworlds.launcher.Launcher test -Dtest=LoginBlackBoxTest,ScenarioBasedTest) succeeded; PID=27940
[2026/05/19 15:24:52.484, java.exe (PID: 32160, TID: 35936), Executor.cpp:667 (Executor2::execAndWait)]
	TRACE: Process with PID=27940 terminated. Exit code=0
[2026/05/19 15:24:52.919, java.exe (PID: 32916, TID: 27872), JavaEnvironment.cpp:502 (JavaEnvironment::detect)]
	TRACE: Entering JavaEnvironment::detect
[2026/05/19 15:24:52.924, java.exe (PID: 32916, TID: 27872), JavaEnvironment.cpp:519 (JavaEnvironment::detect)]
	TRACE: Installed Java detected: version=1.8.0_461; arch=64; productCode={71124AE4-039E-4CA4-87B4-2F64180461F0}; type=0
[2026/05/19 15:24:52.940, java.exe (PID: 32916, TID: 27872), JavaEnvironment.cpp:519 (JavaEnvironment::detect)]
	TRACE: Installed Java detected: version=; arch=64; productCode={58B96B13-1F94-5431-BEB9-2952C3D7D747}; type=1
[2026/05/19 15:24:52.940, java.exe (PID: 32916, TID: 27872), JavaEnvironment.cpp:135 (`anonymous-namespace'::detectHomeDir)]
	TRACE: Find home dir of {58B96B13-1F94-5431-BEB9-2952C3D7D747} Java installation
[2026/05/19 15:24:52.941, java.exe (PID: 32916, TID: 27872), JavaEnvironment.cpp:302 (`anonymous-namespace'::detectFullVersion)]
	TRACE: Detect full version of {58B96B13-1F94-5431-BEB9-2952C3D7D747} Java installation
[2026/05/19 15:24:52.941, java.exe (PID: 32916, TID: 27872), JavaEnvironment.cpp:213 (`anonymous-namespace'::detectFullVersionFromMsi)]
	TRACE: detectFullVersionFromMsi({58B96B13-1F94-5431-BEB9-2952C3D7D747})
[2026/05/19 15:24:52.945, java.exe (PID: 32916, TID: 27872), JavaEnvironment.cpp:481 (`anonymous-namespace'::getInstalledJava)]
	TRACE: InstalledJava(21.0.8+12|21.0.8+12|JDK|64bit|C:\Program Files\Java\jdk-21|{58B96B13-1F94-5431-BEB9-2952C3D7D747}|-10|)
[2026/05/19 15:24:52.949, java.exe (PID: 32916, TID: 27872), JavaEnvironment.cpp:0 (JavaEnvironment::detect)]
	TRACE: Exiting JavaEnvironment::detect (entered at JavaEnvironment.cpp:502)
[2026/05/19 15:24:52.964, java.exe (PID: 32916, TID: 27872), Executor.cpp:706 (Executor2::startProcess)]
	TRACE: CreateProcess(C:\Program Files\Java\jdk-21\bin\java.exe, "C:\Program Files\Java\jdk-21\bin\java.exe" -Djavax.net.ssl.trustStoreType=WINDOWS-ROOT -classpath C:\tools\maven\boot\plexus-classworlds-2.7.0.jar -Dclassworlds.conf=C:\tools\maven\bin\m2.conf -Dmaven.home=C:\tools\maven -Dlibrary.jansi.path=C:\tools\maven\lib\jansi-native "-Dmaven.multiModuleProjectDirectory=D:\VVSS lab 5\parabank" org.codehaus.plexus.classworlds.launcher.Launcher net.serenity-bdd.maven.plugins:serenity-maven-plugin:3.9.0:aggregate) succeeded; PID=14724
[2026/05/19 15:25:09.149, java.exe (PID: 32916, TID: 27872), Executor.cpp:667 (Executor2::execAndWait)]
	TRACE: Process with PID=14724 terminated. Exit code=0
[2026/05/19 15:25:09.569, java.exe (PID: 30380, TID: 35852), JavaEnvironment.cpp:502 (JavaEnvironment::detect)]
	TRACE: Entering JavaEnvironment::detect
[2026/05/19 15:25:09.576, java.exe (PID: 30380, TID: 35852), JavaEnvironment.cpp:519 (JavaEnvironment::detect)]
	TRACE: Installed Java detected: version=1.8.0_461; arch=64; productCode={71124AE4-039E-4CA4-87B4-2F64180461F0}; type=0
[2026/05/19 15:25:09.592, java.exe (PID: 30380, TID: 35852), JavaEnvironment.cpp:519 (JavaEnvironment::detect)]
	TRACE: Installed Java detected: version=; arch=64; productCode={58B96B13-1F94-5431-BEB9-2952C3D7D747}; type=1
[2026/05/19 15:25:09.593, java.exe (PID: 30380, TID: 35852), JavaEnvironment.cpp:135 (`anonymous-namespace'::detectHomeDir)]
	TRACE: Find home dir of {58B96B13-1F94-5431-BEB9-2952C3D7D747} Java installation
[2026/05/19 15:25:09.593, java.exe (PID: 30380, TID: 35852), JavaEnvironment.cpp:302 (`anonymous-namespace'::detectFullVersion)]
	TRACE: Detect full version of {58B96B13-1F94-5431-BEB9-2952C3D7D747} Java installation
[2026/05/19 15:25:09.593, java.exe (PID: 30380, TID: 35852), JavaEnvironment.cpp:213 (`anonymous-namespace'::detectFullVersionFromMsi)]
	TRACE: detectFullVersionFromMsi({58B96B13-1F94-5431-BEB9-2952C3D7D747})
[2026/05/19 15:25:09.597, java.exe (PID: 30380, TID: 35852), JavaEnvironment.cpp:481 (`anonymous-namespace'::getInstalledJava)]
	TRACE: InstalledJava(21.0.8+12|21.0.8+12|JDK|64bit|C:\Program Files\Java\jdk-21|{58B96B13-1F94-5431-BEB9-2952C3D7D747}|-10|)
[2026/05/19 15:25:09.600, java.exe (PID: 30380, TID: 35852), JavaEnvironment.cpp:0 (JavaEnvironment::detect)]
	TRACE: Exiting JavaEnvironment::detect (entered at JavaEnvironment.cpp:502)
[2026/05/19 15:25:09.616, java.exe (PID: 30380, TID: 35852), Executor.cpp:706 (Executor2::startProcess)]
	TRACE: CreateProcess(C:\Program Files\Java\jdk-21\bin\java.exe, "C:\Program Files\Java\jdk-21\bin\java.exe" -Djavax.net.ssl.trustStoreType=WINDOWS-ROOT -classpath C:\tools\maven\boot\plexus-classworlds-2.7.0.jar -Dclassworlds.conf=C:\tools\maven\bin\m2.conf -Dmaven.home=C:\tools\maven -Dlibrary.jansi.path=C:\tools\maven\lib\jansi-native "-Dmaven.multiModuleProjectDirectory=D:\VVSS lab 5\parabank" org.codehaus.plexus.classworlds.launcher.Launcher org.codehaus.cargo:cargo-maven3-plugin:1.10.27:stop) succeeded; PID=24740
[2026/05/19 15:25:31.651, java.exe (PID: 30380, TID: 35852), Executor.cpp:667 (Executor2::execAndWait)]
	TRACE: Process with PID=24740 terminated. Exit code=0
